"Data";"Hora (UTC)";"Temp. Ins. (C)";"Temp. Max. (C)";"Temp. Min. (C)";"Umi. Ins. (%)";"Umi. Max. (%)";"Umi. Min. (%)";"Pto Orvalho Ins. (C)";"Pto Orvalho Max. (C)";"Pto Orvalho Min. (C)";"Pressao Ins. (hPa)";"Pressao Max. (hPa)";"Pressao Min. (hPa)";"Vel. Vento (m/s)";"Dir. Vento (m/s)";"Raj. Vento (m/s)";"Radiacao (KJ/m²)";"Chuva (mm)"
"15/05/2025";"0000";"14,5";"14,7";"14,3";"93,0";"94,0";"91,0";"13,5";"13,6";"13,1";"948,9";"948,9";"948,4";"0,0";"269,0";"1,1";"";""
"15/05/2025";"0100";"13,4";"14,5";"13,4";"93,0";"93,0";"92,0";"12,3";"13,4";"12,3";"949,0";"949,1";"948,9";"0,0";"338,0";"1,0";"";""
"15/05/2025";"0200";"12,9";"13,6";"12,7";"95,0";"95,0";"93,0";"12,1";"12,5";"11,8";"949,3";"949,3";"949,0";"0,1";"234,0";"0,6";"";""
"15/05/2025";"0300";"12,5";"13,0";"12,5";"94,0";"95,0";"94,0";"11,6";"12,2";"11,6";"949,3";"949,3";"949,2";"0,1";"112,0";"1,6";"";""
"15/05/2025";"0400";"11,9";"12,5";"11,8";"95,0";"95,0";"94,0";"11,1";"11,7";"11,1";"949,1";"949,3";"949,1";"0,0";"63,0";"0,7";"";""
"15/05/2025";"0500";"12,1";"12,3";"11,8";"95,0";"96,0";"95,0";"11,3";"11,6";"11,1";"948,7";"949,1";"948,7";"0,2";"289,0";"1,3";"";""
"15/05/2025";"0600";"11,3";"12,1";"11,3";"95,0";"95,0";"94,0";"10,6";"11,3";"10,6";"948,3";"948,7";"948,2";"0,4";"139,0";"1,1";"";""
"15/05/2025";"0700";"10,8";"11,3";"10,8";"96,0";"96,0";"95,0";"10,2";"10,6";"10,2";"948,5";"948,5";"948,2";"0,0";"336,0";"1,1";"";""
"15/05/2025";"0800";"10,4";"10,9";"10,3";"96,0";"96,0";"96,0";"9,8";"10,3";"9,7";"948,6";"948,6";"948,5";"0,1";"164,0";"1,1";"";""
"15/05/2025";"0900";"10,0";"10,4";"10,0";"97,0";"97,0";"96,0";"9,5";"9,8";"9,5";"948,8";"948,8";"948,5";"0,1";"140,0";"1,1";"";""
"15/05/2025";"1000";"10,1";"10,2";"9,7";"97,0";"97,0";"97,0";"9,6";"9,6";"9,2";"949,3";"949,3";"948,8";"0,0";"88,0";"0,8";"15,00";""
"15/05/2025";"1100";"13,8";"13,8";"10,1";"97,0";"97,0";"97,0";"13,4";"13,4";"9,7";"949,8";"949,8";"949,3";"0,1";"10,0";"0,7";"404,10";""
"15/05/2025";"1200";"19,9";"20,1";"13,8";"63,0";"97,0";"63,0";"12,6";"14,2";"12,2";"950,1";"950,2";"949,8";"0,3";"14,0";"1,5";"1301,20";""
"15/05/2025";"1300";"22,4";"22,5";"19,9";"54,0";"64,0";"51,0";"12,5";"13,7";"11,5";"950,4";"950,4";"950,1";"3,0";"50,0";"6,6";"1960,80";""
"15/05/2025";"1400";"23,9";"24,1";"22,3";"49,0";"54,0";"47,0";"12,5";"13,2";"11,7";"949,7";"950,5";"949,7";"2,5";"42,0";"6,6";"2422,10";""
"15/05/2025";"1500";"25,0";"25,5";"23,8";"46,0";"51,0";"44,0";"12,7";"13,7";"11,9";"948,8";"949,7";"948,8";"2,1";"65,0";"6,4";"2753,80";""
"15/05/2025";"1600";"25,6";"26,4";"24,4";"42,0";"48,0";"40,0";"11,7";"13,7";"11,4";"948,1";"948,9";"948,1";"2,0";"58,0";"6,0";"2937,80";""
"15/05/2025";"1700";"25,5";"26,4";"25,1";"43,0";"45,0";"38,0";"11,8";"12,9";"10,8";"947,4";"948,1";"947,4";"1,9";"353,0";"5,3";"2347,10";""
"15/05/2025";"1800";"25,8";"27,0";"24,9";"41,0";"44,0";"38,0";"11,4";"12,6";"10,5";"947,0";"947,4";"947,0";"1,4";"24,0";"4,8";"1924,60";""
"15/05/2025";"1900";"23,9";"26,3";"23,2";"57,0";"58,0";"38,0";"14,9";"14,9";"10,3";"946,9";"947,0";"946,8";"0,0";"346,0";"3,3";"741,50";""
"15/05/2025";"2000";"23,4";"24,5";"23,1";"54,0";"59,0";"49,0";"13,5";"15,2";"13,1";"947,0";"947,0";"946,8";"1,2";"84,0";"2,6";"534,10";""
"15/05/2025";"2100";"17,8";"23,4";"17,8";"84,0";"84,0";"54,0";"15,0";"15,3";"13,4";"947,3";"947,3";"947,0";"0,5";"155,0";"2,6";"22,00";""
"15/05/2025";"2200";"16,3";"17,8";"16,3";"88,0";"89,0";"84,0";"14,3";"15,0";"14,3";"947,5";"947,5";"947,3";"0,1";"104,0";"1,1";"";""
"15/05/2025";"2300";"15,0";"16,3";"15,0";"92,0";"92,0";"88,0";"13,7";"14,3";"13,7";"948,1";"948,1";"947,5";"0,1";"147,0";"1,5";"";""
"16/05/2025";"0000";"13,9";"15,0";"13,9";"94,0";"94,0";"92,0";"12,9";"13,7";"12,9";"948,6";"948,6";"948,1";"0,2";"155,0";"1,0";"";""
"16/05/2025";"0100";"13,2";"14,1";"13,2";"95,0";"95,0";"94,0";"12,5";"13,2";"12,4";"949,1";"949,1";"948,6";"0,4";"148,0";"1,1";"";""
"16/05/2025";"0200";"12,8";"13,3";"12,8";"96,0";"96,0";"95,0";"12,2";"12,6";"12,2";"949,3";"949,3";"949,1";"0,1";"174,0";"1,0";"";""
"16/05/2025";"0300";"12,6";"12,8";"12,5";"96,0";"96,0";"96,0";"12,0";"12,2";"11,8";"949,4";"949,5";"949,3";"0,0";"131,0";"0,6";"";""
"16/05/2025";"0400";"12,1";"12,6";"12,0";"96,0";"96,0";"96,0";"11,5";"12,0";"11,4";"949,2";"949,4";"949,1";"0,0";"181,0";"0,0";"";""
"16/05/2025";"0500";"11,6";"12,2";"11,6";"97,0";"97,0";"96,0";"11,1";"11,6";"11,1";"948,9";"949,2";"948,9";"0,0";"184,0";"1,1";"";""
"16/05/2025";"0600";"11,3";"11,6";"11,1";"97,0";"97,0";"97,0";"10,8";"11,1";"10,6";"948,5";"948,9";"948,5";"0,2";"138,0";"1,0";"";""
"16/05/2025";"0700";"11,0";"11,5";"10,9";"97,0";"97,0";"97,0";"10,5";"11,0";"10,4";"948,4";"948,5";"948,3";"0,1";"149,0";"1,3";"";""
"16/05/2025";"0800";"10,6";"11,1";"10,6";"97,0";"97,0";"97,0";"10,1";"10,6";"10,1";"948,8";"948,8";"948,4";"0,3";"158,0";"0,9";"";""
"16/05/2025";"0900";"10,6";"10,8";"10,4";"97,0";"97,0";"97,0";"10,2";"10,4";"10,0";"949,3";"949,3";"948,8";"0,0";"227,0";"0,9";"";""
"16/05/2025";"1000";"10,9";"10,9";"10,3";"97,0";"97,0";"97,0";"10,5";"10,5";"9,8";"949,9";"949,9";"949,3";"0,0";"290,0";"0,7";"14,80";""
"16/05/2025";"1100";"16,8";"16,8";"10,9";"95,0";"97,0";"95,0";"16,0";"16,0";"10,6";"950,6";"950,6";"949,9";"0,9";"23,0";"3,7";"404,40";""
"16/05/2025";"1200";"20,9";"20,9";"16,8";"63,0";"95,0";"61,0";"13,7";"15,8";"12,8";"951,0";"951,0";"950,6";"2,3";"56,0";"5,4";"1307,40";""
"16/05/2025";"1300";"22,2";"22,4";"20,7";"57,0";"63,0";"54,0";"13,2";"13,9";"12,3";"951,1";"951,1";"950,9";"3,3";"53,0";"7,2";"1951,40";""
"16/05/2025";"1400";"23,9";"24,5";"22,2";"51,0";"56,0";"50,0";"13,2";"14,1";"12,8";"950,7";"951,1";"950,7";"2,4";"73,0";"6,2";"2413,40";""
"16/05/2025";"1500";"24,8";"25,8";"23,9";"45,0";"53,0";"43,0";"12,1";"14,5";"11,8";"949,9";"950,7";"949,9";"2,3";"35,0";"5,7";"2693,30";""
"16/05/2025";"1600";"26,3";"27,0";"24,7";"42,0";"48,0";"40,0";"12,4";"14,0";"11,4";"948,6";"949,9";"948,6";"1,3";"29,0";"4,7";"2589,60";""
"16/05/2025";"1700";"26,4";"26,8";"25,5";"41,0";"46,0";"40,0";"12,1";"13,4";"11,7";"947,7";"948,6";"947,7";"0,7";"220,0";"4,2";"2461,70";""
"16/05/2025";"1800";"26,5";"27,1";"26,0";"44,0";"46,0";"40,0";"13,1";"13,7";"11,6";"947,2";"947,7";"947,2";"0,9";"149,0";"3,3";"1984,70";""
"16/05/2025";"1900";"27,1";"27,3";"25,7";"43,0";"44,0";"39,0";"13,4";"13,8";"11,7";"946,9";"947,3";"946,9";"0,7";"97,0";"2,6";"1383,20";""
"16/05/2025";"2000";"22,2";"27,3";"22,2";"62,0";"63,0";"43,0";"14,7";"14,8";"12,8";"947,0";"947,0";"946,9";"0,0";"86,0";"2,3";"504,10";""
"16/05/2025";"2100";"17,8";"22,2";"17,8";"83,0";"83,0";"62,0";"14,9";"15,8";"14,6";"947,0";"947,1";"947,0";"0,2";"136,0";"0,6";"18,30";""
"16/05/2025";"2200";"16,1";"17,8";"16,1";"90,0";"90,0";"83,0";"14,5";"15,0";"14,5";"947,2";"947,2";"947,0";"0,0";"183,0";"0,6";"";""
"16/05/2025";"2300";"15,1";"16,1";"15,1";"93,0";"93,0";"90,0";"14,0";"14,6";"14,0";"947,5";"947,5";"947,2";"0,0";"201,0";"0,8";"";""
"17/05/2025";"0000";"14,5";"15,2";"14,5";"95,0";"95,0";"93,0";"13,7";"14,3";"13,6";"948,0";"948,0";"947,5";"0,5";"132,0";"1,2";"";""
"17/05/2025";"0100";"14,3";"14,7";"14,3";"95,0";"96,0";"95,0";"13,6";"14,0";"13,6";"948,3";"948,3";"948,0";"0,0";"183,0";"1,2";"";""
"17/05/2025";"0200";"13,8";"14,3";"13,7";"96,0";"96,0";"95,0";"13,1";"13,6";"13,0";"948,3";"948,3";"948,2";"0,0";"159,0";"1,2";"";""
"17/05/2025";"0300";"13,3";"13,7";"13,3";"96,0";"96,0";"96,0";"12,7";"13,1";"12,6";"948,3";"948,4";"948,3";"0,0";"201,0";"0,0";"";""
"17/05/2025";"0400";"13,8";"14,0";"13,2";"97,0";"97,0";"96,0";"13,3";"13,5";"12,6";"948,1";"948,3";"948,1";"0,1";"255,0";"1,4";"";""
"17/05/2025";"0500";"13,0";"13,9";"13,0";"96,0";"97,0";"96,0";"12,4";"13,3";"12,4";"947,9";"948,1";"947,9";"0,6";"140,0";"1,2";"";""
"17/05/2025";"0600";"12,5";"13,0";"12,4";"97,0";"97,0";"96,0";"12,0";"12,4";"11,9";"947,7";"948,0";"947,7";"0,3";"170,0";"1,2";"";""
"17/05/2025";"0700";"12,7";"12,7";"12,1";"97,0";"97,0";"97,0";"12,2";"12,2";"11,6";"947,5";"947,7";"947,4";"0,8";"101,0";"1,9";"";""
"17/05/2025";"0800";"12,2";"12,9";"12,1";"97,0";"97,0";"97,0";"11,7";"12,4";"11,6";"947,3";"947,5";"947,3";"0,8";"143,0";"1,9";"";""
"17/05/2025";"0900";"12,0";"12,3";"11,9";"97,0";"97,0";"97,0";"11,5";"11,8";"11,4";"947,7";"947,7";"947,3";"0,0";"89,0";"1,9";"";""
"17/05/2025";"1000";"11,8";"12,0";"11,5";"97,0";"97,0";"97,0";"11,3";"11,5";"11,1";"948,3";"948,3";"947,7";"0,0";"148,0";"1,0";"13,90";""
"17/05/2025";"1100";"15,5";"15,5";"11,8";"97,0";"97,0";"97,0";"15,0";"15,1";"11,3";"948,9";"948,9";"948,3";"0,0";"344,0";"0,5";"398,20";""
"17/05/2025";"1200";"21,9";"21,9";"15,5";"64,0";"97,0";"64,0";"14,8";"17,6";"14,8";"949,5";"949,5";"948,9";"0,9";"49,0";"2,0";"1275,90";""
"17/05/2025";"1300";"24,0";"24,2";"21,7";"56,0";"67,0";"55,0";"14,6";"16,0";"13,5";"949,6";"949,7";"949,5";"1,9";"49,0";"5,5";"1928,30";""
"17/05/2025";"1400";"24,8";"25,3";"23,6";"51,0";"57,0";"51,0";"14,0";"15,1";"13,6";"949,1";"949,7";"949,1";"2,2";"70,0";"5,8";"2396,90";""
"17/05/2025";"1500";"27,3";"27,4";"24,8";"46,0";"54,0";"46,0";"14,8";"16,2";"13,7";"948,2";"949,1";"948,1";"2,1";"109,0";"4,2";"2672,20";""
"17/05/2025";"1600";"27,5";"28,1";"26,3";"45,0";"48,0";"42,0";"14,6";"15,7";"13,1";"947,0";"948,2";"947,0";"1,5";"344,0";"5,1";"2647,30";""
"17/05/2025";"1700";"28,1";"28,4";"27,4";"41,0";"45,0";"40,0";"13,7";"14,9";"13,1";"946,2";"947,0";"946,2";"1,0";"6,0";"4,5";"2294,10";""
"17/05/2025";"1800";"28,3";"28,7";"27,7";"41,0";"44,0";"38,0";"13,9";"14,5";"13,0";"945,6";"946,2";"945,6";"0,7";"338,0";"4,0";"1968,30";""
"17/05/2025";"1900";"27,7";"28,8";"27,7";"42,0";"44,0";"36,0";"13,5";"14,7";"12,2";"945,5";"945,6";"945,4";"1,5";"64,0";"3,5";"1344,30";""
"17/05/2025";"2000";"23,8";"27,9";"23,8";"61,0";"61,0";"42,0";"16,0";"16,0";"13,6";"945,7";"945,7";"945,4";"0,4";"83,0";"2,7";"409,30";""
"17/05/2025";"2100";"19,6";"23,8";"19,6";"82,0";"82,0";"61,0";"16,5";"17,3";"16,0";"946,0";"946,0";"945,7";"0,0";"147,0";"1,2";"28,90";""
"17/05/2025";"2200";"21,0";"21,0";"18,7";"72,0";"85,0";"72,0";"15,6";"16,5";"15,6";"946,2";"946,2";"946,0";"1,1";"84,0";"2,6";"";""
"17/05/2025";"2300";"19,7";"21,0";"19,6";"74,0";"75,0";"71,0";"15,0";"15,6";"14,9";"946,3";"946,3";"946,2";"0,6";"89,0";"3,1";"";""
"18/05/2025";"0000";"18,2";"19,8";"18,2";"78,0";"78,0";"73,0";"14,4";"15,0";"14,3";"946,5";"946,5";"946,3";"0,5";"143,0";"2,1";"";""
"18/05/2025";"0100";"15,6";"18,2";"15,6";"91,0";"91,0";"78,0";"14,2";"14,5";"14,1";"946,5";"946,5";"946,4";"0,0";"274,0";"1,4";"";""
"18/05/2025";"0200";"14,4";"15,6";"14,4";"94,0";"94,0";"91,0";"13,5";"14,2";"13,5";"946,6";"946,6";"946,5";"0,0";"146,0";"0,0";"";""
"18/05/2025";"0300";"13,7";"14,4";"13,6";"95,0";"95,0";"94,0";"13,0";"13,5";"12,9";"946,5";"946,6";"946,5";"0,0";"299,0";"1,1";"";""
"18/05/2025";"0400";"12,9";"13,8";"12,8";"96,0";"96,0";"95,0";"12,2";"13,1";"12,1";"946,5";"946,6";"946,5";"0,1";"158,0";"0,8";"";""
"18/05/2025";"0500";"12,5";"13,0";"12,5";"96,0";"96,0";"96,0";"12,0";"12,3";"11,9";"946,4";"946,6";"946,3";"0,0";"159,0";"1,0";"";""
"18/05/2025";"0600";"12,6";"12,7";"12,4";"97,0";"97,0";"96,0";"12,1";"12,2";"11,8";"946,1";"946,4";"946,1";"0,0";"222,0";"1,1";"";""
"18/05/2025";"0700";"12,2";"12,6";"12,1";"97,0";"97,0";"97,0";"11,7";"12,1";"11,5";"946,1";"946,1";"946,0";"0,1";"165,0";"0,9";"";""
"18/05/2025";"0800";"12,0";"12,3";"11,8";"97,0";"97,0";"97,0";"11,5";"11,7";"11,3";"946,3";"946,3";"946,0";"0,0";"138,0";"0,8";"";""
"18/05/2025";"0900";"11,6";"12,0";"11,5";"97,0";"97,0";"97,0";"11,2";"11,5";"11,0";"946,9";"946,9";"946,3";"0,1";"146,0";"1,0";"";""
"18/05/2025";"1000";"12,0";"12,0";"11,5";"97,0";"97,0";"97,0";"11,6";"11,6";"11,0";"947,6";"947,6";"946,9";"0,0";"135,0";"1,3";"24,80";""
"18/05/2025";"1100";"16,0";"16,0";"12,0";"97,0";"97,0";"97,0";"15,6";"15,6";"11,6";"948,3";"948,3";"947,6";"0,1";"167,0";"1,9";"380,50";""
"18/05/2025";"1200";"21,5";"21,5";"16,1";"67,0";"97,0";"65,0";"15,0";"18,0";"14,5";"948,7";"948,7";"948,3";"2,6";"63,0";"6,0";"1098,90";""
"18/05/2025";"1300";"23,2";"23,3";"21,3";"57,0";"67,0";"56,0";"14,1";"15,7";"13,8";"948,9";"948,9";"948,7";"3,1";"59,0";"6,4";"1720,00";""
"18/05/2025";"1400";"25,2";"25,4";"22,9";"51,0";"58,0";"51,0";"14,3";"15,0";"13,6";"948,5";"948,9";"948,4";"2,7";"72,0";"6,7";"2311,00";""
"18/05/2025";"1500";"26,8";"26,8";"25,0";"47,0";"53,0";"46,0";"14,6";"15,3";"13,9";"948,0";"948,5";"948,0";"2,3";"106,0";"5,8";"2626,20";""
"18/05/2025";"1600";"26,9";"27,5";"26,1";"45,0";"49,0";"43,0";"13,9";"15,3";"13,2";"946,9";"948,0";"946,9";"1,5";"54,0";"5,2";"2630,30";""
"18/05/2025";"1700";"28,3";"28,7";"26,9";"38,0";"48,0";"38,0";"12,7";"15,9";"12,6";"946,3";"946,9";"946,3";"1,1";"47,0";"4,2";"2254,80";""
"18/05/2025";"1800";"28,1";"28,9";"27,8";"39,0";"42,0";"33,0";"12,9";"13,9";"10,9";"945,8";"946,3";"945,8";"1,5";"72,0";"3,8";"1938,00";""
"18/05/2025";"1900";"28,2";"29,2";"27,8";"40,0";"43,0";"36,0";"13,3";"14,2";"11,8";"945,8";"945,8";"945,7";"0,5";"39,0";"3,0";"1288,50";""
"18/05/2025";"2000";"25,3";"28,2";"25,3";"55,0";"55,0";"38,0";"15,7";"15,7";"12,4";"945,9";"945,9";"945,7";"0,8";"76,0";"2,3";"435,00";""
"18/05/2025";"2100";"19,1";"25,3";"19,1";"83,0";"83,0";"55,0";"16,2";"17,0";"15,2";"946,3";"946,3";"945,9";"0,6";"162,0";"1,5";"20,90";""
"18/05/2025";"2200";"19,4";"19,9";"18,4";"77,0";"87,0";"77,0";"15,3";"16,3";"15,3";"946,8";"946,8";"946,3";"0,7";"97,0";"1,9";"";""
"18/05/2025";"2300";"16,7";"19,4";"16,7";"90,0";"90,0";"77,0";"14,9";"15,5";"14,8";"947,3";"947,3";"946,8";"0,3";"111,0";"1,5";"";""
"19/05/2025";"0000";"15,5";"17,1";"15,5";"91,0";"91,0";"88,0";"14,1";"15,3";"14,1";"947,5";"947,6";"947,3";"0,6";"156,0";"1,0";"";""
"19/05/2025";"0100";"15,1";"15,5";"15,1";"94,0";"94,0";"91,0";"14,1";"14,4";"14,1";"947,7";"947,7";"947,5";"0,5";"101,0";"1,4";"";""
"19/05/2025";"0200";"14,5";"15,2";"14,4";"95,0";"95,0";"94,0";"13,7";"14,2";"13,5";"948,0";"948,1";"947,7";"0,5";"172,0";"1,6";"";""
"19/05/2025";"0300";"";"";"";"";"";"";"";"";"";"";"";"";"";"";"";"";""
"19/05/2025";"0400";"15,7";"15,7";"15,1";"90,0";"95,0";"90,0";"14,0";"14,8";"13,8";"947,4";"947,9";"947,4";"1,1";"67,0";"2,2";"";""
"19/05/2025";"0500";"14,7";"16,0";"14,7";"89,0";"90,0";"87,0";"12,9";"14,1";"12,9";"947,1";"947,4";"947,0";"0,0";"336,0";"2,4";"";""
"19/05/2025";"0600";"12,8";"14,7";"12,7";"95,0";"95,0";"89,0";"12,1";"12,8";"11,9";"946,9";"947,2";"946,9";"0,8";"132,0";"1,5";"";""
"19/05/2025";"0700";"14,7";"14,7";"12,8";"94,0";"96,0";"94,0";"13,7";"13,7";"12,1";"946,5";"946,9";"946,5";"1,1";"71,0";"2,4";"";""
"19/05/2025";"0800";"13,1";"14,8";"13,0";"94,0";"94,0";"91,0";"12,2";"13,6";"12,0";"946,4";"946,5";"946,4";"0,5";"91,0";"2,0";"";""
"19/05/2025";"0900";"13,7";"14,0";"12,3";"95,0";"96,0";"93,0";"12,9";"13,3";"11,4";"946,7";"946,7";"946,4";"0,1";"4,0";"1,8";"";""
"19/05/2025";"1000";"12,5";"13,7";"12,4";"96,0";"96,0";"94,0";"11,8";"12,9";"11,6";"947,5";"947,5";"946,7";"0,0";"265,0";"2,1";"14,50";""
"19/05/2025";"1100";"17,0";"17,0";"12,5";"87,0";"97,0";"87,0";"14,9";"15,4";"11,8";"948,0";"948,0";"947,5";"1,3";"69,0";"3,1";"487,00";""
"19/05/2025";"1200";"21,8";"21,8";"17,0";"65,0";"87,0";"65,0";"15,0";"15,4";"14,2";"948,3";"948,3";"947,9";"0,9";"70,0";"3,1";"1184,70";""
"19/05/2025";"1300";"23,6";"24,2";"21,8";"54,0";"65,0";"52,0";"13,7";"15,3";"13,4";"948,4";"948,5";"948,3";"2,4";"37,0";"5,3";"2006,90";""
"19/05/2025";"1400";"25,3";"25,5";"23,6";"51,0";"56,0";"49,0";"14,4";"14,9";"13,4";"947,8";"948,4";"947,8";"2,3";"38,0";"5,6";"2300,10";""
"19/05/2025";"1500";"26,8";"27,1";"24,9";"44,0";"53,0";"42,0";"13,5";"15,3";"12,9";"947,0";"947,8";"947,0";"1,6";"52,0";"4,4";"2631,70";""
"19/05/2025";"1600";"27,2";"28,2";"26,6";"37,0";"47,0";"36,0";"11,4";"15,2";"11,2";"946,1";"947,0";"946,1";"1,8";"47,0";"4,6";"2607,80";""
"19/05/2025";"1700";"28,6";"28,9";"27,1";"35,0";"42,0";"31,0";"11,5";"13,5";"9,7";"945,4";"946,1";"945,4";"1,1";"69,0";"4,8";"2366,50";""
"19/05/2025";"1800";"29,1";"29,3";"27,9";"29,0";"37,0";"29,0";"9,4";"12,3";"9,4";"945,0";"945,4";"945,0";"1,3";"154,0";"3,3";"1993,70";""
"19/05/2025";"1900";"29,1";"29,5";"28,5";"33,0";"33,0";"29,0";"11,2";"11,2";"9,1";"945,1";"945,1";"944,9";"0,5";"95,0";"2,6";"1363,80";""
"19/05/2025";"2000";"23,6";"29,1";"23,6";"56,0";"56,0";"33,0";"14,2";"14,3";"10,8";"945,1";"945,1";"945,0";"0,0";"339,0";"2,4";"463,20";""
"19/05/2025";"2100";"18,5";"23,6";"18,5";"81,0";"81,0";"56,0";"15,1";"15,5";"14,2";"945,5";"945,5";"945,1";"0,4";"140,0";"0,9";"17,90";""
"19/05/2025";"2200";"17,1";"18,5";"17,0";"86,0";"87,0";"81,0";"14,7";"15,0";"14,5";"946,0";"946,0";"945,5";"0,0";"206,0";"0,9";"";""
"19/05/2025";"2300";"16,6";"18,0";"16,6";"88,0";"88,0";"84,0";"14,6";"15,4";"14,5";"946,4";"946,5";"946,0";"0,0";"148,0";"1,3";"";""
"20/05/2025";"0000";"15,5";"16,6";"15,5";"91,0";"92,0";"88,0";"14,1";"14,7";"14,1";"946,9";"946,9";"946,4";"0,0";"214,0";"1,2";"";""
"20/05/2025";"0100";"14,7";"15,5";"14,7";"93,0";"93,0";"91,0";"13,7";"14,1";"13,6";"947,2";"947,2";"946,9";"0,1";"151,0";"0,9";"";""
"20/05/2025";"0200";"14,3";"15,2";"14,2";"95,0";"95,0";"93,0";"13,4";"14,3";"13,3";"947,3";"947,4";"947,2";"0,0";"153,0";"1,1";"";""
"20/05/2025";"0300";"13,6";"14,6";"13,6";"95,0";"95,0";"95,0";"12,8";"13,8";"12,8";"947,3";"947,3";"947,1";"0,1";"153,0";"0,6";"";""
"20/05/2025";"0400";"13,5";"13,6";"13,2";"96,0";"96,0";"95,0";"12,9";"12,9";"12,5";"947,0";"947,3";"947,0";"0,0";"198,0";"0,7";"";""
"20/05/2025";"0500";"14,0";"14,0";"13,3";"96,0";"96,0";"96,0";"13,3";"13,4";"12,6";"946,7";"947,0";"946,7";"0,3";"189,0";"1,6";"";""
"20/05/2025";"0600";"13,1";"14,2";"13,1";"95,0";"96,0";"93,0";"12,3";"13,4";"12,3";"946,4";"946,7";"946,4";"0,0";"317,0";"1,1";"";""
"20/05/2025";"0700";"12,9";"13,1";"12,5";"96,0";"96,0";"95,0";"12,3";"12,3";"11,8";"946,4";"946,5";"946,4";"0,0";"215,0";"0,6";"";""
"20/05/2025";"0800";"13,4";"13,9";"12,7";"94,0";"96,0";"94,0";"12,4";"13,2";"12,0";"946,7";"946,7";"946,4";"0,3";"231,0";"1,4";"";""
"20/05/2025";"0900";"13,7";"13,9";"13,2";"93,0";"95,0";"93,0";"12,6";"13,0";"12,2";"947,0";"947,0";"946,7";"1,6";"98,0";"2,8";"";""
"20/05/2025";"1000";"14,1";"14,2";"13,7";"91,0";"93,0";"91,0";"12,7";"12,9";"12,6";"947,8";"947,8";"947,0";"1,1";"90,0";"2,8";"13,70";""
"20/05/2025";"1100";"16,6";"16,6";"14,1";"85,0";"92,0";"85,0";"14,0";"14,0";"12,7";"948,5";"948,5";"947,8";"1,8";"75,0";"3,5";"434,40";""
"20/05/2025";"1200";"21,1";"21,1";"16,6";"66,0";"85,0";"65,0";"14,4";"15,2";"13,9";"948,3";"948,5";"948,3";"2,4";"65,0";"4,6";"1229,10";""
"20/05/2025";"1300";"23,5";"23,7";"20,9";"54,0";"66,0";"54,0";"13,7";"14,9";"13,6";"948,5";"948,5";"948,3";"2,0";"54,0";"5,2";"1877,40";""
"20/05/2025";"1400";"25,8";"26,1";"23,4";"49,0";"56,0";"46,0";"14,3";"15,1";"12,8";"948,4";"948,5";"948,3";"1,0";"317,0";"3,6";"2335,00";""
"20/05/2025";"1500";"25,9";"27,4";"25,3";"41,0";"51,0";"38,0";"11,8";"14,8";"11,2";"947,7";"948,4";"947,7";"1,6";"297,0";"4,4";"2614,40";""
"20/05/2025";"1600";"26,8";"27,9";"25,8";"39,0";"44,0";"36,0";"11,8";"13,2";"10,9";"946,8";"947,7";"946,8";"0,9";"270,0";"4,4";"2575,10";""
"20/05/2025";"1700";"27,4";"28,1";"26,5";"36,0";"40,0";"35,0";"11,2";"12,7";"10,9";"945,9";"946,8";"945,9";"1,1";"219,0";"4,2";"2225,30";""
"20/05/2025";"1800";"27,8";"28,5";"27,3";"33,0";"39,0";"32,0";"9,9";"12,4";"9,8";"945,3";"945,9";"945,3";"0,7";"254,0";"3,1";"1930,00";""
"20/05/2025";"1900";"27,6";"28,5";"27,3";"39,0";"39,0";"31,0";"12,3";"12,4";"9,2";"945,2";"945,3";"945,1";"0,8";"324,0";"2,6";"1325,50";""
"20/05/2025";"2000";"22,6";"28,0";"22,6";"59,0";"59,0";"35,0";"14,1";"14,2";"10,7";"945,4";"945,4";"945,2";"0,0";"10,0";"2,3";"442,50";""
"20/05/2025";"2100";"17,7";"22,6";"17,7";"81,0";"81,0";"59,0";"14,3";"15,3";"14,2";"945,3";"945,4";"945,2";"0,0";"138,0";"1,0";"15,80";""
"20/05/2025";"2200";"15,6";"17,7";"15,6";"87,0";"87,0";"81,0";"13,5";"14,3";"13,5";"945,7";"945,7";"945,3";"0,0";"131,0";"0,0";"";""
"20/05/2025";"2300";"15,0";"15,6";"14,9";"92,0";"92,0";"87,0";"13,7";"13,8";"13,4";"946,5";"946,5";"945,7";"0,0";"37,0";"0,0";"";""
"21/05/2025";"0000";"14,3";"15,1";"14,2";"94,0";"94,0";"92,0";"13,4";"13,8";"13,2";"946,7";"946,7";"946,4";"0,0";"90,0";"0,0";"";""
"21/05/2025";"0100";"13,9";"14,5";"13,8";"95,0";"95,0";"94,0";"13,1";"13,6";"13,0";"946,9";"946,9";"946,7";"0,0";"157,0";"0,0";"";""
"21/05/2025";"0200";"15,8";"16,1";"13,9";"89,0";"96,0";"88,0";"14,0";"14,9";"13,1";"947,0";"947,0";"946,8";"1,0";"181,0";"2,5";"";""
"21/05/2025";"0300";"15,1";"15,9";"14,5";"90,0";"93,0";"89,0";"13,4";"14,1";"13,1";"946,9";"947,1";"946,8";"0,3";"319,0";"2,3";"";""
"21/05/2025";"0400";"13,4";"15,1";"13,4";"94,0";"94,0";"90,0";"12,5";"13,7";"12,4";"946,7";"946,9";"946,7";"0,2";"150,0";"1,4";"";""
"21/05/2025";"0500";"14,9";"15,2";"13,4";"92,0";"95,0";"91,0";"13,6";"14,2";"12,5";"946,2";"946,7";"946,2";"1,0";"157,0";"2,6";"";""
"21/05/2025";"0600";"14,9";"15,0";"14,2";"90,0";"93,0";"90,0";"13,3";"13,7";"12,8";"945,6";"946,2";"945,6";"1,1";"152,0";"2,9";"";""
"21/05/2025";"0700";"14,3";"14,9";"14,1";"93,0";"93,0";"90,0";"13,2";"13,4";"12,7";"945,6";"945,8";"945,6";"0,2";"213,0";"2,5";"";""
"21/05/2025";"0800";"13,1";"14,4";"13,1";"93,0";"93,0";"92,0";"12,0";"13,3";"12,0";"945,8";"945,8";"945,6";"0,1";"145,0";"1,9";"";""
"21/05/2025";"0900";"12,5";"13,3";"12,5";"95,0";"96,0";"93,0";"11,8";"12,7";"11,8";"946,3";"946,3";"945,8";"0,0";"198,0";"1,4";"";""
"21/05/2025";"1000";"13,5";"13,6";"12,2";"96,0";"96,0";"95,0";"12,9";"12,9";"11,5";"947,0";"947,0";"946,3";"0,2";"110,0";"1,6";"15,30";""
"21/05/2025";"1100";"16,5";"16,5";"13,5";"85,0";"96,0";"85,0";"14,0";"14,1";"12,9";"947,4";"947,4";"947,0";"1,0";"107,0";"2,6";"419,80";""
"21/05/2025";"1200";"20,6";"20,7";"16,5";"68,0";"86,0";"67,0";"14,4";"15,0";"14,0";"947,8";"947,8";"947,4";"1,4";"64,0";"3,4";"1182,40";""
"21/05/2025";"1300";"24,5";"24,8";"20,5";"53,0";"70,0";"53,0";"14,3";"16,0";"14,3";"947,8";"947,9";"947,8";"1,2";"44,0";"3,2";"1809,90";""
"21/05/2025";"1400";"26,3";"26,4";"24,1";"46,0";"56,0";"46,0";"13,6";"15,4";"13,5";"947,3";"947,9";"947,3";"1,1";"15,0";"2,9";"2276,50";""
"21/05/2025";"1500";"27,2";"27,9";"26,0";"43,0";"48,0";"41,0";"13,5";"15,0";"12,6";"946,5";"947,3";"946,5";"1,6";"172,0";"3,0";"2542,00";""
"21/05/2025";"1600";"27,8";"29,0";"27,1";"39,0";"45,0";"37,0";"12,4";"14,9";"12,4";"945,7";"946,5";"945,7";"1,9";"158,0";"3,8";"2536,40";""
"21/05/2025";"1700";"28,2";"29,4";"27,5";"35,0";"42,0";"33,0";"11,4";"13,9";"10,5";"945,0";"945,7";"945,0";"1,2";"102,0";"3,9";"2223,50";""
"21/05/2025";"1800";"28,6";"29,5";"27,7";"39,0";"42,0";"33,0";"13,4";"14,5";"10,4";"944,6";"945,0";"944,6";"1,2";"289,0";"4,3";"1855,90";""
"21/05/2025";"1900";"28,3";"29,0";"28,0";"40,0";"42,0";"38,0";"13,2";"14,7";"12,7";"944,4";"944,6";"944,3";"0,9";"279,0";"3,9";"1267,90";""
"21/05/2025";"2000";"23,7";"28,3";"23,7";"59,0";"59,0";"38,0";"15,1";"15,2";"12,4";"944,6";"944,6";"944,4";"0,1";"259,0";"3,0";"425,70";""
"21/05/2025";"2100";"18,9";"23,7";"18,9";"81,0";"81,0";"59,0";"15,6";"16,6";"15,0";"944,9";"944,9";"944,6";"0,0";"124,0";"1,3";"20,60";""
"21/05/2025";"2200";"17,0";"18,9";"17,0";"88,0";"89,0";"81,0";"15,0";"15,6";"14,9";"945,3";"945,3";"944,9";"0,0";"150,0";"1,2";"";""
"21/05/2025";"2300";"16,0";"17,0";"15,9";"92,0";"92,0";"88,0";"14,7";"15,1";"14,5";"945,6";"945,6";"945,3";"0,3";"170,0";"1,1";"";""
"22/05/2025";"0000";"15,4";"16,0";"15,3";"94,0";"94,0";"92,0";"14,4";"14,8";"14,2";"946,2";"946,2";"945,6";"0,0";"141,0";"1,1";"";""
"22/05/2025";"0100";"15,0";"15,4";"14,9";"95,0";"95,0";"94,0";"14,2";"14,5";"14,1";"946,2";"946,3";"946,1";"0,0";"184,0";"0,0";"";""
"22/05/2025";"0200";"16,2";"16,2";"14,8";"96,0";"96,0";"95,0";"15,5";"15,5";"14,0";"946,5";"946,5";"946,2";"0,0";"250,0";"1,3";"";""
"22/05/2025";"0300";"15,7";"16,6";"15,7";"94,0";"96,0";"94,0";"14,7";"15,8";"14,7";"946,3";"946,5";"946,3";"0,0";"116,0";"1,4";"";""
"22/05/2025";"0400";"14,4";"15,7";"14,4";"95,0";"95,0";"94,0";"13,7";"14,6";"13,7";"945,9";"946,3";"945,9";"0,0";"260,0";"0,9";"";""
"22/05/2025";"0500";"14,5";"14,6";"14,0";"96,0";"96,0";"95,0";"13,9";"14,0";"13,4";"945,7";"946,0";"945,7";"0,7";"150,0";"1,7";"";""
"22/05/2025";"0600";"14,4";"15,2";"14,1";"95,0";"96,0";"95,0";"13,6";"14,6";"13,4";"945,3";"945,7";"945,3";"0,0";"131,0";"1,5";"";""
"22/05/2025";"0700";"14,0";"15,4";"14,0";"95,0";"96,0";"94,0";"13,3";"14,7";"13,3";"945,4";"945,5";"945,3";"0,0";"343,0";"1,6";"";""
"22/05/2025";"0800";"14,5";"14,9";"13,6";"95,0";"96,0";"95,0";"13,6";"14,2";"12,8";"945,5";"945,5";"945,3";"0,7";"113,0";"1,9";"";""
"22/05/2025";"0900";"13,7";"15,2";"13,7";"95,0";"95,0";"93,0";"12,9";"14,3";"12,9";"946,3";"946,3";"945,5";"0,2";"178,0";"2,9";"";""
"22/05/2025";"1000";"13,4";"13,7";"13,1";"96,0";"96,0";"95,0";"12,8";"12,9";"12,4";"947,0";"947,0";"946,3";"0,0";"112,0";"0,9";"13,90";""
"22/05/2025";"1100";"17,1";"17,2";"13,4";"87,0";"97,0";"87,0";"15,0";"15,9";"12,8";"947,5";"947,5";"947,0";"1,4";"51,0";"2,3";"420,40";""
"22/05/2025";"1200";"19,4";"20,2";"17,1";"72,0";"87,0";"70,0";"14,2";"15,3";"14,0";"948,0";"948,0";"947,5";"1,5";"51,0";"3,3";"1022,40";""
"22/05/2025";"1300";"24,1";"24,6";"19,0";"56,0";"77,0";"56,0";"14,9";"16,1";"14,2";"948,0";"948,3";"948,0";"1,5";"60,0";"3,3";"1515,50";""
"22/05/2025";"1400";"26,8";"26,8";"23,7";"46,0";"59,0";"46,0";"14,3";"15,6";"13,4";"947,4";"948,0";"947,4";"0,8";"33,0";"4,3";"2181,50";""
"22/05/2025";"1500";"27,1";"27,3";"25,4";"44,0";"51,0";"43,0";"13,7";"15,0";"13,1";"946,5";"947,4";"946,5";"1,0";"355,0";"3,6";"2493,10";""
"22/05/2025";"1600";"27,7";"27,9";"26,7";"40,0";"46,0";"40,0";"13,0";"15,0";"12,8";"945,6";"946,5";"945,6";"1,6";"235,0";"4,0";"2537,60";""
"22/05/2025";"1700";"28,2";"28,8";"27,3";"34,0";"42,0";"34,0";"11,0";"13,6";"10,8";"944,8";"945,6";"944,8";"1,9";"352,0";"4,2";"2356,10";""
"22/05/2025";"1800";"28,4";"28,9";"28,0";"35,0";"38,0";"33,0";"11,5";"12,9";"10,8";"944,4";"944,9";"944,3";"1,4";"297,0";"3,5";"2092,20";""
"22/05/2025";"1900";"27,7";"28,4";"27,4";"38,0";"40,0";"35,0";"12,0";"12,5";"11,3";"944,4";"944,4";"944,3";"1,4";"336,0";"4,3";"1268,70";""
"22/05/2025";"2000";"23,2";"27,7";"23,2";"60,0";"60,0";"36,0";"15,0";"15,1";"11,4";"944,9";"944,9";"944,4";"0,0";"13,0";"3,4";"405,20";""
"22/05/2025";"2100";"18,9";"23,2";"18,9";"82,0";"82,0";"60,0";"15,7";"16,3";"15,0";"945,4";"945,4";"944,9";"0,2";"127,0";"0,9";"23,70";""
"22/05/2025";"2200";"17,0";"18,9";"17,0";"88,0";"88,0";"81,0";"15,0";"15,7";"14,9";"945,9";"945,9";"945,4";"0,2";"159,0";"0,9";"";""
"22/05/2025";"2300";"16,1";"17,0";"16,1";"92,0";"92,0";"88,0";"14,7";"15,1";"14,7";"946,4";"946,4";"945,9";"0,0";"174,0";"0,7";"";""
"23/05/2025";"0000";"15,3";"16,2";"15,3";"94,0";"94,0";"92,0";"14,4";"15,0";"14,3";"946,6";"946,6";"946,4";"0,1";"142,0";"0,8";"";""
"23/05/2025";"0100";"16,6";"17,1";"14,8";"93,0";"96,0";"93,0";"15,4";"16,5";"13,9";"946,9";"946,9";"946,6";"1,2";"151,0";"2,9";"";""
"23/05/2025";"0200";"14,8";"16,6";"14,8";"94,0";"94,0";"92,0";"13,8";"15,4";"13,8";"947,1";"947,1";"946,8";"0,0";"168,0";"2,1";"";""
"23/05/2025";"0300";"14,6";"15,1";"14,4";"96,0";"96,0";"94,0";"13,9";"14,3";"13,7";"947,0";"947,1";"947,0";"0,0";"151,0";"0,9";"";""
"23/05/2025";"0400";"14,2";"14,7";"14,2";"96,0";"96,0";"96,0";"13,6";"14,1";"13,6";"946,8";"947,0";"946,7";"0,0";"71,0";"1,0";"";""
"23/05/2025";"0500";"13,5";"14,3";"13,5";"96,0";"96,0";"96,0";"12,9";"13,7";"12,9";"946,5";"946,8";"946,5";"0,0";"164,0";"0,0";"";""
"23/05/2025";"0600";"13,1";"13,5";"13,1";"97,0";"97,0";"96,0";"12,6";"13,0";"12,5";"946,2";"946,5";"946,2";"0,0";"152,0";"0,5";"";""
"23/05/2025";"0700";"13,5";"13,6";"12,9";"97,0";"97,0";"97,0";"13,0";"13,1";"12,4";"946,1";"946,3";"946,1";"0,0";"138,0";"0,7";"";""
"23/05/2025";"0800";"13,9";"13,9";"12,8";"97,0";"97,0";"97,0";"13,4";"13,4";"12,3";"946,2";"946,2";"945,9";"0,4";"96,0";"2,4";"";""
"23/05/2025";"0900";"13,2";"14,1";"13,2";"97,0";"97,0";"97,0";"12,7";"13,6";"12,7";"947,0";"947,0";"946,2";"0,0";"331,0";"1,6";"";""
"23/05/2025";"1000";"13,9";"14,3";"13,2";"97,0";"97,0";"97,0";"13,4";"13,8";"12,8";"947,9";"947,9";"947,0";"0,0";"313,0";"1,0";"20,90";""
"23/05/2025";"1100";"16,3";"16,3";"13,9";"97,0";"97,0";"97,0";"15,8";"15,8";"13,4";"948,4";"948,4";"947,9";"0,0";"315,0";"0,8";"373,60";""
"23/05/2025";"1200";"19,9";"19,9";"16,3";"80,0";"97,0";"79,0";"16,3";"17,3";"15,8";"948,9";"948,9";"948,4";"1,2";"359,0";"2,3";"1061,30";""
"23/05/2025";"1300";"24,0";"24,0";"19,9";"66,0";"80,0";"66,0";"17,2";"17,5";"15,9";"949,0";"949,2";"948,9";"1,3";"88,0";"2,8";"1688,50";""
"23/05/2025";"1400";"25,9";"26,0";"23,1";"56,0";"67,0";"56,0";"16,6";"17,5";"15,8";"948,2";"949,0";"948,2";"1,8";"133,0";"4,1";"2073,80";""
"23/05/2025";"1500";"25,9";"27,0";"25,7";"49,0";"58,0";"47,0";"14,3";"17,1";"14,2";"947,6";"948,2";"947,6";"2,0";"196,0";"4,1";"2471,30";""
"23/05/2025";"1600";"27,1";"27,9";"25,7";"45,0";"51,0";"43,0";"14,0";"15,9";"13,7";"946,8";"947,6";"946,8";"1,4";"155,0";"5,4";"2445,50";""
"23/05/2025";"1700";"25,4";"28,1";"24,7";"54,0";"59,0";"44,0";"15,5";"16,5";"14,3";"946,2";"946,9";"946,2";"1,7";"161,0";"3,9";"942,30";""
"23/05/2025";"1800";"24,7";"27,6";"24,6";"55,0";"58,0";"44,0";"15,1";"16,0";"13,8";"945,7";"946,2";"945,7";"1,3";"207,0";"4,4";"913,00";""
"23/05/2025";"1900";"26,0";"27,0";"24,7";"51,0";"56,0";"47,0";"15,0";"15,9";"14,0";"945,8";"945,8";"945,7";"2,5";"165,0";"5,7";"1064,60";""
"23/05/2025";"2000";"23,4";"26,0";"23,4";"59,0";"59,0";"50,0";"14,9";"15,1";"14,6";"946,0";"946,0";"945,8";"1,7";"164,0";"5,6";"396,50";""
"23/05/2025";"2100";"19,8";"23,4";"19,8";"76,0";"76,0";"59,0";"15,5";"15,6";"14,8";"946,4";"946,4";"946,0";"0,2";"184,0";"3,5";"22,30";""
"23/05/2025";"2200";"18,0";"19,8";"18,0";"83,0";"83,0";"76,0";"15,1";"15,9";"15,1";"947,2";"947,2";"946,4";"0,5";"158,0";"3,2";"";""
"23/05/2025";"2300";"16,2";"18,0";"16,2";"91,0";"92,0";"83,0";"14,8";"15,3";"14,8";"947,6";"947,6";"947,2";"0,0";"189,0";"1,8";"";""
"24/05/2025";"0000";"15,2";"16,3";"15,2";"94,0";"94,0";"91,0";"14,2";"15,1";"14,2";"948,0";"948,0";"947,6";"0,0";"199,0";"0,6";"";""
"24/05/2025";"0100";"16,8";"16,8";"14,9";"96,0";"96,0";"94,0";"16,1";"16,1";"14,0";"948,3";"948,3";"948,0";"1,8";"140,0";"4,8";"";""
"24/05/2025";"0200";"17,7";"17,9";"16,8";"84,0";"96,0";"84,0";"14,9";"16,3";"14,7";"948,3";"948,3";"948,2";"2,1";"147,0";"4,8";"";""
"24/05/2025";"0300";"14,7";"17,7";"14,7";"93,0";"93,0";"83,0";"13,7";"14,9";"13,7";"947,9";"948,3";"947,9";"0,2";"333,0";"4,4";"";""
"24/05/2025";"0400";"17,1";"17,1";"14,5";"92,0";"96,0";"92,0";"15,8";"16,2";"13,7";"947,6";"947,9";"947,6";"2,7";"146,0";"4,8";"";""
"24/05/2025";"0500";"17,3";"17,3";"17,1";"84,0";"92,0";"84,0";"14,5";"15,7";"14,5";"947,2";"947,6";"947,2";"2,4";"142,0";"4,9";"";""
"24/05/2025";"0600";"16,3";"17,3";"16,3";"87,0";"88,0";"84,0";"14,1";"14,5";"14,1";"947,0";"947,2";"947,0";"0,8";"142,0";"3,8";"";""
"24/05/2025";"0700";"15,1";"16,3";"15,1";"92,0";"92,0";"87,0";"13,8";"14,2";"13,8";"947,1";"947,1";"947,0";"0,1";"68,0";"1,7";"";""
"24/05/2025";"0800";"13,8";"15,1";"13,6";"95,0";"95,0";"92,0";"13,0";"13,8";"12,7";"947,3";"947,3";"947,0";"0,0";"138,0";"0,9";"";""
"24/05/2025";"0900";"12,9";"13,8";"12,9";"96,0";"96,0";"95,0";"12,3";"13,0";"12,3";"947,8";"947,8";"947,3";"0,0";"150,0";"0,8";"";""
"24/05/2025";"1000";"12,9";"13,0";"12,7";"96,0";"96,0";"96,0";"12,4";"12,5";"12,1";"948,6";"948,6";"947,8";"0,0";"151,0";"0,7";"13,80";""
"24/05/2025";"1100";"16,4";"16,4";"12,9";"97,0";"97,0";"96,0";"15,9";"15,9";"12,4";"949,1";"949,1";"948,6";"0,1";"349,0";"1,0";"405,00";""
"24/05/2025";"1200";"21,1";"21,1";"16,4";"68,0";"97,0";"68,0";"15,0";"16,8";"14,3";"949,7";"949,8";"949,1";"0,8";"342,0";"1,9";"1117,60";""
"24/05/2025";"1300";"24,3";"24,3";"21,2";"56,0";"68,0";"56,0";"14,8";"16,5";"14,4";"949,9";"949,9";"949,7";"0,9";"43,0";"2,5";"1749,00";""
"24/05/2025";"1400";"25,7";"26,2";"23,7";"49,0";"57,0";"48,0";"14,3";"15,6";"13,9";"949,1";"949,9";"949,1";"1,7";"65,0";"3,8";"2230,40";""
"24/05/2025";"1500";"26,9";"27,2";"25,5";"46,0";"52,0";"45,0";"14,3";"15,6";"13,6";"948,5";"949,1";"948,5";"1,6";"69,0";"4,9";"2515,00";""
"24/05/2025";"1600";"27,8";"28,4";"26,6";"39,0";"47,0";"39,0";"12,6";"15,0";"12,6";"947,3";"948,5";"947,3";"1,1";"9,0";"4,9";"2651,10";""
"24/05/2025";"1700";"26,0";"28,6";"26,0";"46,0";"48,0";"38,0";"13,6";"14,3";"12,3";"946,8";"947,3";"946,8";"0,9";"285,0";"3,6";"1253,60";""
"24/05/2025";"1800";"28,2";"29,0";"25,8";"37,0";"52,0";"35,0";"12,0";"14,9";"11,4";"946,6";"946,8";"946,6";"1,2";"341,0";"3,3";"1706,80";""
"24/05/2025";"1900";"26,5";"28,7";"26,5";"45,0";"46,0";"35,0";"13,5";"14,1";"11,3";"946,5";"946,6";"946,4";"1,1";"166,0";"3,0";"1247,50";""
"24/05/2025";"2000";"24,0";"26,5";"24,0";"60,0";"60,0";"44,0";"15,6";"16,1";"13,2";"946,7";"946,8";"946,4";"2,3";"164,0";"4,0";"288,50";""
"24/05/2025";"2100";"21,2";"24,0";"21,2";"74,0";"74,0";"60,0";"16,3";"16,4";"15,6";"946,9";"947,0";"946,7";"1,9";"154,0";"4,6";"17,70";""
"24/05/2025";"2200";"18,6";"21,2";"18,6";"87,0";"87,0";"74,0";"16,3";"16,8";"16,3";"947,7";"947,7";"946,9";"0,1";"182,0";"2,8";"";""
"24/05/2025";"2300";"17,8";"18,6";"17,8";"91,0";"91,0";"87,0";"16,3";"16,7";"16,1";"948,0";"948,0";"947,7";"0,1";"341,0";"1,6";"";""
"25/05/2025";"0000";"16,8";"17,9";"16,8";"93,0";"93,0";"91,0";"15,6";"16,4";"15,6";"948,4";"948,5";"948,0";"0,4";"144,0";"1,2";"";""
"25/05/2025";"0100";"17,3";"17,4";"16,8";"93,0";"94,0";"93,0";"16,1";"16,3";"15,6";"948,8";"948,8";"948,4";"0,0";"69,0";"1,2";"";""
"25/05/2025";"0200";"16,1";"17,3";"16,1";"94,0";"95,0";"93,0";"15,2";"16,1";"15,2";"948,7";"948,8";"948,6";"0,1";"44,0";"1,3";"";""
"25/05/2025";"0300";"14,9";"16,2";"14,9";"95,0";"95,0";"94,0";"14,2";"15,3";"14,2";"948,8";"948,8";"948,6";"0,0";"185,0";"1,3";"";""
"25/05/2025";"0400";"15,0";"15,1";"14,6";"96,0";"96,0";"95,0";"14,3";"14,5";"13,9";"948,5";"948,8";"948,5";"0,1";"131,0";"1,7";"";""
"25/05/2025";"0500";"13,9";"15,0";"13,9";"96,0";"96,0";"95,0";"13,3";"14,3";"13,3";"948,1";"948,5";"948,1";"0,1";"165,0";"0,8";"";""
"25/05/2025";"0600";"13,2";"14,0";"13,2";"96,0";"96,0";"96,0";"12,6";"13,3";"12,6";"947,8";"948,1";"947,8";"0,0";"126,0";"0,8";"";""
"25/05/2025";"0700";"12,9";"13,4";"12,7";"97,0";"97,0";"96,0";"12,4";"12,8";"12,2";"947,6";"947,8";"947,6";"0,3";"158,0";"1,1";"";""
"25/05/2025";"0800";"12,7";"13,0";"12,7";"97,0";"97,0";"97,0";"12,2";"12,5";"12,2";"947,7";"947,8";"947,6";"0,2";"160,0";"1,2";"";""
"25/05/2025";"0900";"12,3";"12,8";"12,3";"97,0";"97,0";"97,0";"11,8";"12,3";"11,8";"948,1";"948,1";"947,7";"0,0";"189,0";"1,3";"";""
"25/05/2025";"1000";"12,5";"12,5";"12,1";"97,0";"97,0";"97,0";"12,1";"12,1";"11,6";"948,7";"948,7";"948,1";"0,0";"154,0";"1,1";"13,30";""
"25/05/2025";"1100";"17,0";"17,0";"12,5";"97,0";"97,0";"97,0";"16,5";"16,5";"12,0";"949,1";"949,1";"948,7";"0,6";"15,0";"4,4";"405,40";""
"25/05/2025";"1200";"20,8";"21,0";"17,0";"64,0";"97,0";"64,0";"13,8";"17,4";"13,7";"949,6";"949,6";"949,1";"2,6";"60,0";"5,8";"1108,00";""
"25/05/2025";"1300";"22,6";"22,6";"20,8";"58,0";"65,0";"57,0";"14,0";"14,7";"13,4";"949,5";"949,7";"949,5";"3,1";"51,0";"7,0";"1796,80";""
"25/05/2025";"1400";"24,2";"24,5";"22,6";"53,0";"60,0";"51,0";"14,2";"14,9";"13,4";"949,3";"949,6";"949,3";"2,5";"53,0";"6,6";"2224,70";""
"25/05/2025";"1500";"25,7";"25,7";"24,3";"50,0";"53,0";"48,0";"14,4";"14,8";"13,4";"948,6";"949,3";"948,6";"1,8";"63,0";"5,0";"2548,70";""
"25/05/2025";"1600";"27,5";"27,8";"25,6";"43,0";"51,0";"43,0";"14,0";"15,5";"13,3";"947,7";"948,6";"947,7";"1,9";"111,0";"4,2";"2546,70";""
"25/05/2025";"1700";"26,3";"27,8";"25,9";"47,0";"48,0";"43,0";"14,1";"15,1";"13,1";"946,8";"947,7";"946,8";"1,0";"275,0";"3,8";"2030,30";""
"25/05/2025";"1800";"27,2";"28,1";"26,0";"40,0";"47,0";"39,0";"12,4";"14,0";"12,4";"946,2";"946,8";"946,2";"1,1";"332,0";"3,2";"1927,00";""
"25/05/2025";"1900";"26,9";"28,1";"26,4";"46,0";"46,0";"37,0";"14,4";"14,4";"11,7";"946,1";"946,2";"946,0";"0,2";"228,0";"2,7";"1180,10";""
"25/05/2025";"2000";"22,5";"27,3";"22,5";"66,0";"66,0";"38,0";"15,8";"16,0";"11,7";"946,3";"946,3";"946,1";"0,3";"141,0";"1,5";"353,50";""
"25/05/2025";"2100";"18,4";"22,5";"18,4";"83,0";"83,0";"66,0";"15,4";"16,3";"15,4";"946,6";"946,6";"946,3";"0,4";"143,0";"0,9";"29,90";""
"25/05/2025";"2200";"16,6";"18,4";"16,6";"89,0";"89,0";"83,0";"14,7";"15,4";"14,7";"947,0";"947,0";"946,6";"0,1";"176,0";"1,5";"";""
"25/05/2025";"2300";"15,6";"16,7";"15,6";"92,0";"93,0";"89,0";"14,3";"15,0";"14,3";"947,5";"947,6";"947,0";"0,3";"133,0";"1,1";"";""
"26/05/2025";"0000";"15,3";"15,6";"15,1";"94,0";"94,0";"92,0";"14,3";"14,4";"14,0";"947,7";"947,8";"947,5";"0,5";"111,0";"1,5";"";""
"26/05/2025";"0100";"15,1";"16,8";"14,9";"93,0";"94,0";"89,0";"13,9";"15,2";"13,4";"947,8";"947,8";"947,7";"0,3";"110,0";"2,1";"";""
"26/05/2025";"0200";"14,0";"15,3";"14,0";"95,0";"95,0";"93,0";"13,2";"14,2";"13,2";"947,9";"947,9";"947,8";"0,2";"153,0";"1,3";"";""
"26/05/2025";"0300";"13,7";"14,2";"13,6";"96,0";"96,0";"95,0";"13,1";"13,5";"12,8";"947,7";"947,9";"947,6";"0,0";"292,0";"1,1";"";""
"26/05/2025";"0400";"13,2";"13,8";"13,1";"96,0";"96,0";"96,0";"12,6";"13,2";"12,5";"947,6";"947,7";"947,6";"0,1";"170,0";"1,2";"";""
"26/05/2025";"0500";"12,8";"13,2";"12,8";"96,0";"97,0";"96,0";"12,2";"12,6";"12,2";"947,5";"947,6";"947,4";"0,0";"161,0";"1,0";"";""
"26/05/2025";"0600";"12,5";"13,0";"12,4";"97,0";"97,0";"96,0";"11,9";"12,4";"11,8";"947,0";"947,5";"947,0";"0,3";"159,0";"1,4";"";""
"26/05/2025";"0700";"12,7";"12,7";"12,1";"97,0";"97,0";"97,0";"12,2";"12,2";"11,6";"946,8";"947,0";"946,8";"0,5";"146,0";"1,2";"";""
"26/05/2025";"0800";"12,3";"13,4";"12,3";"96,0";"97,0";"96,0";"11,8";"12,9";"11,8";"946,8";"946,8";"946,6";"0,0";"180,0";"0,9";"";""
"26/05/2025";"0900";"12,0";"12,7";"12,0";"97,0";"97,0";"96,0";"11,5";"12,2";"11,4";"947,2";"947,2";"946,8";"0,3";"152,0";"0,9";"";""
"26/05/2025";"1000";"12,1";"12,1";"11,6";"97,0";"97,0";"97,0";"11,7";"11,7";"11,2";"947,8";"947,8";"947,2";"0,0";"192,0";"1,2";"12,10";""
"26/05/2025";"1100";"16,7";"16,7";"12,1";"95,0";"97,0";"95,0";"15,9";"16,0";"11,7";"948,4";"948,4";"947,8";"0,7";"95,0";"1,7";"436,90";""
"26/05/2025";"1200";"21,9";"22,0";"16,7";"65,0";"95,0";"65,0";"15,1";"16,6";"14,7";"948,9";"948,9";"948,3";"2,0";"52,0";"4,8";"1158,00";""
"26/05/2025";"1300";"24,6";"24,8";"21,9";"55,0";"66,0";"55,0";"14,9";"15,8";"14,2";"949,2";"949,3";"948,9";"2,1";"72,0";"4,9";"1779,80";""
"26/05/2025";"1400";"25,8";"25,9";"23,9";"52,0";"57,0";"50,0";"15,2";"15,7";"13,9";"948,6";"949,2";"948,6";"1,9";"60,0";"6,5";"2276,70";""
"26/05/2025";"1500";"27,2";"27,6";"25,6";"40,0";"52,0";"40,0";"12,6";"15,7";"12,6";"947,9";"948,6";"947,8";"2,2";"81,0";"4,9";"2472,20";""
"26/05/2025";"1600";"28,0";"28,6";"27,0";"37,0";"44,0";"34,0";"11,8";"14,4";"10,6";"946,8";"947,9";"946,8";"1,6";"104,0";"5,1";"2573,20";""
"26/05/2025";"1700";"28,5";"28,6";"27,3";"42,0";"45,0";"35,0";"14,4";"15,0";"11,2";"945,9";"946,8";"945,9";"2,1";"152,0";"4,1";"2214,10";""
"26/05/2025";"1800";"28,0";"29,4";"27,4";"42,0";"43,0";"36,0";"14,0";"14,6";"12,1";"945,3";"945,9";"945,3";"2,4";"158,0";"4,1";"2065,70";""
"26/05/2025";"1900";"28,3";"28,5";"27,3";"40,0";"43,0";"37,0";"13,2";"14,2";"11,9";"945,2";"945,4";"945,2";"0,9";"75,0";"4,0";"1136,10";""
"26/05/2025";"2000";"24,9";"28,3";"24,9";"51,0";"51,0";"37,0";"14,2";"14,3";"11,9";"945,4";"945,4";"945,1";"0,8";"83,0";"3,2";"406,20";""
"26/05/2025";"2100";"18,6";"24,9";"18,5";"83,0";"83,0";"51,0";"15,6";"16,0";"14,3";"945,7";"945,7";"945,3";"0,3";"163,0";"2,0";"12,70";""
"26/05/2025";"2200";"17,0";"18,6";"17,0";"89,0";"89,0";"83,0";"15,2";"15,6";"15,0";"946,2";"946,2";"945,7";"0,0";"164,0";"0,9";"";""
"26/05/2025";"2300";"15,8";"17,0";"15,8";"92,0";"92,0";"88,0";"14,5";"15,1";"14,5";"946,6";"946,6";"946,2";"0,1";"274,0";"0,9";"";""
"27/05/2025";"0000";"15,1";"16,0";"15,1";"93,0";"93,0";"92,0";"14,1";"14,8";"14,1";"947,0";"947,0";"946,6";"0,0";"151,0";"0,6";"";""
"27/05/2025";"0100";"14,7";"15,3";"14,7";"94,0";"94,0";"93,0";"13,8";"14,3";"13,8";"947,1";"947,2";"947,0";"0,0";"141,0";"0,0";"";""
"27/05/2025";"0200";"13,9";"14,7";"13,9";"95,0";"95,0";"94,0";"13,1";"13,8";"13,1";"947,1";"947,1";"947,0";"0,0";"152,0";"0,6";"";""
"27/05/2025";"0300";"13,4";"14,0";"13,3";"96,0";"96,0";"95,0";"12,7";"13,2";"12,6";"946,8";"947,1";"946,8";"0,0";"192,0";"0,7";"";""
"27/05/2025";"0400";"12,9";"13,3";"12,6";"96,0";"96,0";"95,0";"12,3";"12,6";"12,0";"946,6";"946,8";"946,6";"0,9";"115,0";"1,5";"";""
"27/05/2025";"0500";"12,3";"13,1";"12,1";"96,0";"96,0";"95,0";"11,6";"12,5";"11,4";"946,2";"946,6";"946,2";"0,2";"241,0";"1,5";"";""
"27/05/2025";"0600";"11,6";"12,4";"11,5";"96,0";"96,0";"96,0";"11,0";"11,7";"10,9";"946,0";"946,2";"946,0";"0,3";"150,0";"1,1";"";""
"27/05/2025";"0700";"11,8";"11,9";"11,5";"96,0";"97,0";"96,0";"11,3";"11,4";"11,0";"945,7";"946,0";"945,7";"0,2";"92,0";"1,3";"";""
"27/05/2025";"0800";"12,2";"12,2";"11,6";"96,0";"96,0";"96,0";"11,7";"11,7";"11,0";"945,8";"945,9";"945,7";"1,1";"110,0";"1,9";"";""
"27/05/2025";"0900";"14,1";"14,3";"12,2";"91,0";"96,0";"91,0";"12,7";"13,1";"11,6";"946,3";"946,3";"945,8";"0,8";"67,0";"3,2";"";""
"27/05/2025";"1000";"12,5";"14,1";"12,1";"95,0";"95,0";"89,0";"11,8";"12,6";"11,0";"946,8";"946,9";"946,2";"0,8";"94,0";"1,8";"16,50";""
"27/05/2025";"1100";"17,2";"17,2";"12,5";"83,0";"96,0";"83,0";"14,3";"14,4";"11,9";"947,3";"947,4";"946,8";"0,6";"68,0";"2,5";"336,10";""
"27/05/2025";"1200";"20,5";"20,6";"17,2";"68,0";"83,0";"66,0";"14,3";"15,3";"13,8";"947,7";"947,7";"947,3";"1,9";"31,0";"4,1";"1002,60";""
"27/05/2025";"1300";"23,4";"23,7";"20,4";"57,0";"70,0";"57,0";"14,4";"15,4";"13,9";"947,8";"947,9";"947,6";"1,7";"40,0";"5,8";"1773,20";""
"27/05/2025";"1400";"24,3";"24,8";"23,4";"55,0";"59,0";"53,0";"14,6";"15,2";"13,9";"947,3";"947,8";"947,3";"2,3";"40,0";"5,8";"1871,60";""
"27/05/2025";"1500";"24,9";"25,6";"24,2";"51,0";"57,0";"49,0";"14,0";"15,8";"13,8";"946,7";"947,3";"946,7";"3,4";"360,0";"7,2";"1617,90";""
"27/05/2025";"1600";"25,5";"25,8";"24,4";"50,0";"54,0";"47,0";"14,2";"15,2";"13,2";"946,0";"946,7";"946,0";"2,4";"21,0";"6,9";"1564,50";""
"27/05/2025";"1700";"25,4";"25,9";"24,9";"48,0";"51,0";"46,0";"13,7";"14,8";"12,8";"945,6";"946,0";"945,5";"2,7";"4,0";"6,6";"1144,00";""
"27/05/2025";"1800";"25,1";"26,3";"24,9";"47,0";"49,0";"43,0";"13,1";"14,1";"12,2";"945,4";"945,6";"945,4";"2,5";"1,0";"6,8";"1643,70";""
"27/05/2025";"1900";"25,2";"25,3";"24,2";"50,0";"53,0";"47,0";"14,1";"14,5";"13,0";"945,3";"945,5";"945,2";"2,0";"87,0";"5,4";"784,90";""
"27/05/2025";"2000";"22,9";"25,3";"22,9";"58,0";"58,0";"48,0";"14,2";"14,6";"13,4";"945,7";"945,7";"945,3";"1,0";"77,0";"4,5";"443,40";""
"27/05/2025";"2100";"18,7";"22,9";"18,7";"81,0";"81,0";"58,0";"15,4";"15,5";"14,1";"946,1";"946,1";"945,7";"0,9";"144,0";"2,3";"13,60";""
"27/05/2025";"2200";"18,0";"18,7";"17,9";"84,0";"84,0";"81,0";"15,3";"15,7";"15,2";"946,5";"946,5";"946,1";"0,0";"308,0";"1,3";"";""
"27/05/2025";"2300";"17,0";"18,0";"17,0";"89,0";"89,0";"84,0";"15,3";"15,4";"15,1";"947,1";"947,1";"946,5";"0,0";"138,0";"0,3";"";""
"28/05/2025";"0000";"19,6";"19,6";"17,0";"77,0";"90,0";"77,0";"15,3";"16,2";"15,2";"947,1";"947,3";"947,1";"0,8";"77,0";"2,6";"";""
"28/05/2025";"0100";"17,2";"19,6";"17,2";"88,0";"88,0";"76,0";"15,2";"15,4";"15,1";"947,1";"947,2";"947,0";"0,2";"317,0";"2,6";"";""
"28/05/2025";"0200";"19,5";"19,6";"17,2";"75,0";"89,0";"75,0";"14,9";"16,0";"14,9";"946,8";"947,2";"946,8";"0,8";"340,0";"2,2";"";""
"28/05/2025";"0300";"18,0";"19,5";"17,9";"81,0";"81,0";"75,0";"14,7";"14,9";"14,6";"946,0";"946,7";"946,0";"0,5";"298,0";"1,5";"";""
"28/05/2025";"0400";"18,5";"18,5";"17,9";"78,0";"81,0";"78,0";"14,6";"14,8";"14,5";"945,1";"946,0";"945,1";"0,4";"52,0";"1,4";"";""
"28/05/2025";"0500";"19,0";"19,2";"18,5";"74,0";"78,0";"73,0";"14,2";"14,6";"14,2";"944,3";"945,1";"944,3";"1,1";"77,0";"2,7";"";""
"28/05/2025";"0600";"18,2";"19,0";"18,2";"76,0";"76,0";"74,0";"13,9";"14,2";"13,9";"943,9";"944,3";"943,7";"0,4";"144,0";"2,8";"";""
"28/05/2025";"0700";"16,8";"18,3";"15,7";"89,0";"91,0";"76,0";"15,0";"15,0";"13,8";"943,8";"944,1";"943,7";"0,6";"125,0";"1,4";"";""
"28/05/2025";"0800";"17,5";"18,2";"16,2";"82,0";"89,0";"77,0";"14,3";"14,9";"13,6";"943,6";"943,8";"943,5";"0,8";"117,0";"2,2";"";""
"28/05/2025";"0900";"14,6";"17,7";"14,6";"91,0";"92,0";"80,0";"13,2";"14,4";"13,2";"943,7";"943,8";"943,5";"0,1";"264,0";"2,0";"";""
"28/05/2025";"1000";"14,5";"14,7";"14,1";"95,0";"95,0";"91,0";"13,7";"13,7";"13,1";"944,2";"944,3";"943,6";"0,2";"143,0";"1,0";"11,50";""
"28/05/2025";"1100";"17,9";"17,9";"14,5";"89,0";"96,0";"89,0";"16,0";"16,3";"13,8";"945,3";"945,3";"944,2";"0,4";"110,0";"1,5";"193,10";""
"28/05/2025";"1200";"21,6";"21,6";"17,9";"66,0";"89,0";"66,0";"15,0";"16,6";"15,0";"946,3";"946,3";"945,3";"1,5";"23,0";"3,0";"431,20";""
"28/05/2025";"1300";"25,0";"25,0";"21,6";"55,0";"67,0";"55,0";"15,3";"16,5";"14,9";"946,7";"946,7";"946,3";"1,3";"54,0";"4,1";"1018,50";""
"28/05/2025";"1400";"26,8";"27,1";"24,1";"45,0";"58,0";"44,0";"13,8";"15,8";"13,5";"946,3";"946,8";"946,3";"2,7";"353,0";"6,3";"1579,70";""
"28/05/2025";"1500";"27,7";"28,5";"26,5";"40,0";"46,0";"40,0";"13,0";"14,5";"12,8";"945,9";"946,4";"945,9";"5,1";"322,0";"10,2";"1908,30";""
"28/05/2025";"1600";"28,1";"28,9";"27,0";"41,0";"44,0";"40,0";"13,5";"14,8";"13,1";"944,8";"945,9";"944,8";"5,4";"327,0";"12,1";"2086,30";""
"28/05/2025";"1700";"24,4";"28,9";"24,4";"52,0";"52,0";"39,0";"13,9";"14,4";"13,3";"944,4";"944,8";"944,0";"3,7";"273,0";"13,6";"1604,20";""
"28/05/2025";"1800";"23,3";"24,4";"23,2";"59,0";"60,0";"52,0";"14,9";"15,1";"13,9";"945,1";"945,2";"944,4";"1,6";"304,0";"13,6";"657,50";""
"28/05/2025";"1900";"23,0";"23,9";"22,8";"58,0";"60,0";"57,0";"14,3";"15,3";"14,3";"945,4";"945,4";"945,1";"2,4";"294,0";"8,2";"823,80";""
"28/05/2025";"2000";"21,7";"23,3";"21,7";"65,0";"65,0";"57,0";"14,7";"14,7";"14,0";"945,5";"945,6";"945,4";"0,8";"355,0";"6,3";"229,50";""
"28/05/2025";"2100";"20,8";"21,7";"19,9";"67,0";"74,0";"64,0";"14,5";"15,0";"14,5";"945,7";"945,9";"945,5";"1,6";"358,0";"3,4";"31,00";""
"28/05/2025";"2200";"20,8";"20,9";"20,7";"64,0";"67,0";"64,0";"13,8";"14,5";"13,8";"945,5";"945,7";"945,5";"1,5";"3,0";"5,2";"";""
"28/05/2025";"2300";"20,9";"21,1";"20,8";"64,0";"65,0";"62,0";"13,7";"13,8";"13,5";"945,8";"945,8";"945,1";"2,2";"330,0";"4,8";"";""
"29/05/2025";"0000";"20,9";"20,9";"20,5";"63,0";"66,0";"63,0";"13,6";"13,9";"13,6";"945,8";"946,0";"945,7";"2,5";"345,0";"7,2";"";""
"29/05/2025";"0100";"20,7";"21,0";"20,7";"64,0";"64,0";"62,0";"13,6";"13,7";"13,5";"945,4";"945,8";"945,4";"2,0";"335,0";"6,8";"";""
"29/05/2025";"0200";"19,5";"20,7";"19,2";"72,0";"76,0";"64,0";"14,3";"14,8";"13,6";"946,3";"946,3";"945,3";"2,2";"318,0";"6,0";"";""
"29/05/2025";"0300";"18,9";"19,5";"18,9";"76,0";"77,0";"72,0";"14,6";"14,7";"14,2";"946,2";"946,5";"946,0";"1,3";"334,0";"5,5";"";""
"29/05/2025";"0400";"18,6";"18,9";"18,6";"79,0";"79,0";"76,0";"14,8";"15,0";"14,6";"946,5";"946,6";"946,2";"1,0";"348,0";"3,7";"";""
"29/05/2025";"0500";"18,2";"18,6";"18,1";"82,0";"82,0";"79,0";"15,0";"15,0";"14,8";"945,2";"946,5";"945,1";"0,9";"21,0";"4,1";"";""
"29/05/2025";"0600";"18,0";"18,2";"18,0";"83,0";"83,0";"81,0";"15,0";"15,1";"14,9";"945,3";"945,4";"945,1";"1,2";"319,0";"2,4";"";""
"29/05/2025";"0700";"17,7";"18,0";"17,7";"85,0";"85,0";"83,0";"15,2";"15,3";"15,0";"945,2";"945,3";"944,7";"0,5";"317,0";"2,6";"";""
"29/05/2025";"0800";"15,7";"17,8";"15,7";"85,0";"87,0";"82,0";"13,1";"15,5";"13,1";"945,7";"945,7";"945,1";"1,4";"219,0";"5,0";"";""
"29/05/2025";"0900";"12,3";"15,7";"12,3";"93,0";"94,0";"85,0";"11,3";"13,0";"11,2";"947,1";"947,1";"945,7";"1,2";"235,0";"7,5";"";""
"29/05/2025";"1000";"12,0";"12,3";"12,0";"93,0";"94,0";"92,0";"10,9";"11,3";"10,9";"948,1";"948,1";"947,0";"0,2";"241,0";"3,6";"";""
"29/05/2025";"1100";"12,0";"12,1";"11,9";"93,0";"94,0";"93,0";"11,0";"11,1";"10,8";"949,1";"949,1";"948,1";"0,5";"41,0";"1,8";"39,30";""
"29/05/2025";"1200";"12,5";"12,5";"11,9";"94,0";"95,0";"93,0";"11,5";"11,6";"10,9";"949,6";"949,6";"949,1";"1,3";"40,0";"3,0";"170,00";""
"29/05/2025";"1300";"13,6";"13,7";"12,5";"87,0";"94,0";"86,0";"11,4";"12,4";"11,2";"949,8";"950,0";"949,6";"2,2";"14,0";"4,2";"498,70";""
"29/05/2025";"1400";"14,2";"14,3";"13,6";"78,0";"87,0";"77,0";"10,4";"11,6";"9,9";"949,8";"949,9";"949,6";"1,8";"324,0";"4,2";"503,90";""
"29/05/2025";"1500";"15,8";"15,8";"14,2";"71,0";"81,0";"67,0";"10,5";"11,6";"9,6";"949,2";"950,0";"949,1";"1,1";"337,0";"3,2";"928,10";""
"29/05/2025";"1600";"16,5";"16,6";"15,6";"74,0";"76,0";"67,0";"11,9";"12,2";"9,7";"948,2";"949,2";"948,2";"1,4";"322,0";"4,0";"811,80";""
"29/05/2025";"1700";"18,3";"18,5";"16,4";"66,0";"76,0";"65,0";"11,9";"12,8";"11,3";"947,7";"948,2";"947,7";"2,5";"315,0";"4,8";"1200,20";""
"29/05/2025";"1800";"18,9";"19,0";"18,0";"60,0";"67,0";"59,0";"10,9";"12,2";"10,3";"947,6";"947,7";"947,5";"2,1";"331,0";"5,7";"1168,40";""
"29/05/2025";"1900";"19,3";"19,9";"18,6";"49,0";"62,0";"49,0";"8,4";"11,7";"8,4";"947,6";"947,6";"947,5";"2,1";"305,0";"5,7";"1218,70";""
"29/05/2025";"2000";"16,2";"19,3";"16,2";"70,0";"70,0";"48,0";"10,6";"10,6";"7,9";"947,8";"947,8";"947,5";"0,2";"335,0";"5,0";"392,70";""
"29/05/2025";"2100";"13,0";"16,2";"13,0";"90,0";"90,0";"70,0";"11,4";"11,5";"10,5";"948,4";"948,6";"947,8";"0,1";"210,0";"1,2";"20,30";""
"29/05/2025";"2200";"11,2";"13,0";"11,2";"95,0";"95,0";"90,0";"10,4";"11,5";"10,3";"948,7";"948,7";"948,4";"0,3";"146,0";"0,9";"";""
"29/05/2025";"2300";"10,4";"11,2";"10,4";"96,0";"96,0";"95,0";"9,8";"10,4";"9,8";"948,8";"948,8";"948,7";"0,0";"148,0";"1,0";"";""
"30/05/2025";"0000";"10,1";"10,5";"10,1";"96,0";"96,0";"96,0";"9,6";"9,9";"9,5";"949,2";"949,2";"948,8";"0,4";"130,0";"1,1";"";""
"30/05/2025";"0100";"9,5";"10,4";"9,5";"97,0";"97,0";"96,0";"9,0";"9,8";"9,0";"949,4";"949,4";"949,2";"0,0";"240,0";"1,0";"";""
"30/05/2025";"0200";"8,7";"9,6";"8,5";"97,0";"97,0";"96,0";"8,2";"9,1";"8,0";"949,6";"949,7";"949,4";"0,1";"175,0";"1,1";"";""
"30/05/2025";"0300";"8,2";"8,8";"8,2";"97,0";"97,0";"97,0";"7,7";"8,3";"7,7";"949,3";"949,6";"949,2";"0,0";"160,0";"0,9";"";""
"30/05/2025";"0400";"8,4";"8,6";"8,2";"97,0";"97,0";"97,0";"7,9";"8,2";"7,7";"949,0";"949,4";"949,0";"0,0";"158,0";"0,9";"";""
"30/05/2025";"0500";"8,0";"8,8";"8,0";"97,0";"97,0";"97,0";"7,6";"8,3";"7,6";"949,0";"949,2";"948,9";"0,0";"154,0";"1,1";"";""
"30/05/2025";"0600";"8,3";"8,5";"7,7";"97,0";"97,0";"97,0";"7,9";"8,1";"7,2";"948,5";"949,0";"948,5";"0,1";"68,0";"1,1";"";""
"30/05/2025";"0700";"6,7";"8,3";"6,7";"97,0";"97,0";"97,0";"6,3";"7,8";"6,3";"948,2";"948,5";"948,1";"0,0";"197,0";"0,8";"";""
"30/05/2025";"0800";"6,6";"7,2";"6,6";"97,0";"97,0";"97,0";"6,2";"6,8";"6,2";"948,1";"948,3";"947,9";"0,0";"176,0";"0,8";"";""
"30/05/2025";"0900";"5,8";"6,6";"5,5";"97,0";"97,0";"97,0";"5,4";"6,2";"5,1";"948,4";"948,4";"948,0";"0,0";"243,0";"0,0";"";""
"30/05/2025";"1000";"5,5";"5,8";"5,2";"98,0";"98,0";"97,0";"5,2";"5,3";"4,8";"948,4";"948,4";"948,1";"0,0";"174,0";"0,0";"12,10";""
"30/05/2025";"1100";"7,7";"7,7";"5,5";"97,0";"98,0";"97,0";"7,3";"7,3";"5,2";"948,8";"948,8";"948,4";"0,0";"20,0";"0,0";"234,90";""
"30/05/2025";"1200";"12,2";"12,2";"7,7";"97,0";"97,0";"97,0";"11,8";"11,8";"7,3";"949,3";"949,3";"948,8";"0,0";"332,0";"1,3";"1075,70";""
"30/05/2025";"1300";"16,6";"16,7";"12,2";"73,0";"97,0";"73,0";"11,7";"13,0";"11,1";"949,5";"949,6";"949,3";"0,5";"92,0";"1,5";"1832,00";""
"30/05/2025";"1400";"18,4";"18,7";"16,6";"56,0";"73,0";"55,0";"9,4";"12,0";"9,4";"949,3";"949,5";"949,2";"1,1";"159,0";"2,9";"2295,00";""
"30/05/2025";"1500";"20,5";"21,2";"18,3";"50,0";"57,0";"47,0";"9,7";"10,9";"8,7";"948,4";"949,3";"948,4";"1,8";"352,0";"4,1";"2586,10";""
"30/05/2025";"1600";"20,8";"22,2";"20,0";"48,0";"51,0";"45,0";"9,4";"10,7";"8,7";"947,4";"948,4";"947,4";"1,6";"304,0";"5,3";"2591,80";""
"30/05/2025";"1700";"23,0";"23,2";"20,8";"40,0";"49,0";"39,0";"8,5";"10,3";"8,5";"946,6";"947,4";"946,6";"1,5";"309,0";"5,8";"2245,00";""
"30/05/2025";"1800";"22,7";"23,2";"22,2";"41,0";"44,0";"38,0";"8,8";"9,3";"7,5";"946,2";"946,6";"946,2";"2,1";"310,0";"5,1";"1944,40";""
"30/05/2025";"1900";"22,7";"23,1";"22,4";"39,0";"41,0";"35,0";"7,9";"8,4";"6,5";"946,1";"946,2";"946,1";"1,0";"346,0";"5,1";"1300,50";""
"30/05/2025";"2000";"18,7";"23,0";"18,7";"58,0";"58,0";"37,0";"10,3";"10,3";"7,0";"946,4";"946,4";"946,1";"0,2";"263,0";"3,0";"406,10";""
"30/05/2025";"2100";"13,1";"18,7";"13,1";"84,0";"84,0";"58,0";"10,5";"11,2";"10,5";"946,8";"946,8";"946,4";"0,0";"122,0";"1,1";"14,50";""
"30/05/2025";"2200";"11,0";"13,1";"11,0";"91,0";"91,0";"84,0";"9,5";"10,4";"9,5";"947,2";"947,2";"946,8";"0,0";"200,0";"0,0";"";""
"30/05/2025";"2300";"10,0";"11,0";"10,0";"94,0";"94,0";"91,0";"9,0";"9,6";"8,9";"947,5";"947,5";"947,2";"0,0";"49,0";"0,9";"";""
"31/05/2025";"0000";"8,9";"10,0";"8,9";"95,0";"95,0";"93,0";"8,1";"9,0";"8,1";"947,8";"947,8";"947,5";"0,0";"121,0";"0,9";"";""
"31/05/2025";"0100";"8,0";"8,9";"8,0";"96,0";"96,0";"95,0";"7,4";"8,1";"7,4";"947,7";"947,8";"947,7";"0,1";"167,0";"0,9";"";""
"31/05/2025";"0200";"7,7";"8,0";"7,7";"96,0";"96,0";"96,0";"7,1";"7,4";"7,1";"947,6";"947,7";"947,6";"0,5";"165,0";"1,0";"";""
"31/05/2025";"0300";"7,1";"7,8";"7,1";"96,0";"96,0";"96,0";"6,6";"7,3";"6,5";"947,4";"947,6";"947,4";"0,4";"166,0";"1,0";"";""
"31/05/2025";"0400";"7,2";"7,5";"7,1";"97,0";"97,0";"96,0";"6,7";"7,1";"6,7";"947,1";"947,4";"947,1";"0,0";"159,0";"0,9";"";""
"31/05/2025";"0500";"7,3";"7,6";"7,2";"97,0";"97,0";"97,0";"6,8";"7,2";"6,7";"947,2";"947,2";"947,1";"0,0";"173,0";"0,7";"";""
"31/05/2025";"0600";"7,0";"7,3";"7,0";"97,0";"97,0";"97,0";"6,5";"6,9";"6,5";"946,9";"947,2";"946,8";"0,4";"155,0";"0,9";"";""
"31/05/2025";"0700";"8,2";"8,4";"6,9";"97,0";"97,0";"97,0";"7,8";"8,0";"6,5";"946,7";"946,9";"946,6";"0,1";"229,0";"1,2";"";""
"31/05/2025";"0800";"7,9";"8,9";"7,9";"97,0";"97,0";"97,0";"7,5";"8,5";"7,4";"946,6";"946,8";"946,6";"0,0";"224,0";"1,0";"";""
"31/05/2025";"0900";"9,0";"9,3";"7,9";"97,0";"97,0";"97,0";"8,6";"8,8";"7,4";"946,9";"946,9";"946,5";"0,1";"189,0";"1,4";"";""
"31/05/2025";"1000";"8,2";"9,1";"8,1";"97,0";"97,0";"97,0";"7,7";"8,6";"7,6";"947,5";"947,5";"946,9";"0,1";"192,0";"0,8";"9,10";""
"31/05/2025";"1100";"11,8";"11,8";"8,1";"97,0";"97,0";"97,0";"11,4";"11,4";"7,7";"948,3";"948,3";"947,5";"0,5";"349,0";"1,5";"343,20";""
"31/05/2025";"1200";"15,6";"15,6";"11,9";"78,0";"97,0";"77,0";"11,8";"12,4";"11,0";"949,0";"949,0";"948,3";"0,6";"299,0";"2,3";"1146,10";""
"31/05/2025";"1300";"18,6";"18,7";"15,6";"66,0";"79,0";"65,0";"12,1";"13,0";"11,6";"949,3";"949,3";"949,0";"0,4";"335,0";"3,2";"1763,00";""
"31/05/2025";"1400";"21,4";"21,7";"18,7";"56,0";"67,0";"55,0";"12,2";"13,2";"11,5";"948,7";"949,3";"948,7";"1,4";"360,0";"3,0";"2237,80";""
"31/05/2025";"1500";"24,3";"24,5";"21,0";"50,0";"58,0";"50,0";"13,2";"14,4";"12,0";"947,9";"948,7";"947,9";"1,3";"123,0";"3,0";"2541,50";""
"31/05/2025";"1600";"24,8";"25,4";"23,6";"48,0";"53,0";"47,0";"13,0";"14,5";"12,6";"947,2";"947,9";"947,2";"2,2";"305,0";"5,3";"2510,60";""
"31/05/2025";"1700";"25,6";"25,8";"24,8";"44,0";"48,0";"44,0";"12,5";"13,7";"12,4";"946,3";"947,2";"946,3";"2,4";"319,0";"5,3";"2225,40";""
"31/05/2025";"1800";"25,7";"26,2";"25,5";"42,0";"44,0";"39,0";"11,7";"12,6";"11,0";"945,9";"946,3";"945,9";"1,4";"353,0";"5,6";"1941,80";""
"31/05/2025";"1900";"25,9";"26,5";"25,4";"36,0";"43,0";"33,0";"9,6";"12,4";"8,4";"945,9";"945,9";"945,7";"1,8";"321,0";"5,7";"1307,00";""
"31/05/2025";"2000";"20,6";"26,2";"20,6";"59,0";"59,0";"34,0";"12,4";"12,4";"9,1";"946,0";"946,0";"945,8";"0,0";"46,0";"3,4";"417,60";""
"31/05/2025";"2100";"14,9";"20,6";"14,9";"83,0";"83,0";"59,0";"12,0";"12,9";"12,0";"946,4";"946,4";"946,0";"0,2";"136,0";"1,1";"13,20";""
"31/05/2025";"2200";"13,5";"14,9";"13,4";"90,0";"90,0";"83,0";"11,8";"12,1";"11,5";"947,0";"947,0";"946,4";"0,0";"292,0";"1,0";"";""
"31/05/2025";"2300";"13,1";"13,4";"12,4";"94,0";"94,0";"89,0";"12,1";"12,1";"11,2";"947,2";"947,2";"947,0";"0,4";"144,0";"1,2";"";""
"01/06/2025";"0000";"15,0";"15,3";"12,6";"84,0";"94,0";"84,0";"12,3";"13,4";"11,4";"947,5";"947,5";"947,0";"1,4";"89,0";"5,1";"";""
"01/06/2025";"0100";"12,0";"15,0";"11,9";"94,0";"94,0";"84,0";"11,0";"12,2";"10,7";"948,1";"948,1";"947,5";"0,1";"317,0";"3,2";"";""
"01/06/2025";"0200";"11,0";"12,2";"11,0";"95,0";"95,0";"94,0";"10,2";"11,2";"10,2";"948,4";"948,4";"948,1";"0,2";"169,0";"1,2";"";""
"01/06/2025";"0300";"10,5";"11,0";"10,5";"96,0";"96,0";"95,0";"9,9";"10,3";"9,9";"948,3";"948,4";"948,3";"0,0";"293,0";"1,2";"";""
"01/06/2025";"0400";"9,9";"10,5";"9,9";"96,0";"96,0";"96,0";"9,3";"9,8";"9,3";"948,0";"948,3";"948,0";"0,0";"198,0";"0,9";"";""
"01/06/2025";"0500";"9,4";"10,1";"9,4";"96,0";"97,0";"96,0";"8,9";"9,5";"8,9";"947,7";"948,0";"947,7";"0,0";"177,0";"0,6";"";""
"01/06/2025";"0600";"9,6";"9,8";"9,4";"97,0";"97,0";"96,0";"9,1";"9,3";"8,9";"947,5";"947,6";"947,5";"0,0";"73,0";"0,5";"";""
"01/06/2025";"0700";"9,7";"10,1";"9,5";"97,0";"97,0";"97,0";"9,3";"9,7";"9,0";"947,3";"947,5";"947,3";"0,0";"103,0";"1,0";"";""
"01/06/2025";"0800";"9,5";"9,8";"9,5";"97,0";"97,0";"97,0";"9,1";"9,3";"9,0";"947,6";"947,6";"947,3";"0,0";"122,0";"0,9";"";""
"01/06/2025";"0900";"11,4";"11,4";"9,5";"97,0";"97,0";"97,0";"11,0";"11,0";"9,0";"948,1";"948,1";"947,6";"1,1";"147,0";"2,3";"";""
"01/06/2025";"1000";"12,0";"12,3";"11,4";"97,0";"97,0";"97,0";"11,5";"11,8";"11,0";"948,6";"948,6";"948,1";"1,3";"64,0";"4,2";"8,60";""
"01/06/2025";"1100";"15,2";"15,2";"12,0";"91,0";"97,0";"91,0";"13,8";"14,2";"11,5";"949,2";"949,2";"948,6";"3,0";"30,0";"5,4";"383,00";""
"01/06/2025";"1200";"18,7";"18,7";"15,2";"77,0";"91,0";"77,0";"14,5";"15,3";"13,7";"949,7";"949,7";"949,2";"2,1";"76,0";"5,0";"1132,20";""
"01/06/2025";"1300";"21,8";"21,9";"18,4";"66,0";"77,0";"66,0";"15,2";"15,6";"13,9";"950,0";"950,0";"949,7";"0,8";"342,0";"4,1";"1747,30";""
"01/06/2025";"1400";"24,2";"24,5";"21,8";"54,0";"68,0";"54,0";"14,2";"15,9";"14,2";"949,6";"950,0";"949,6";"1,0";"241,0";"2,8";"2194,50";""
"01/06/2025";"1500";"27,3";"27,3";"23,9";"44,0";"55,0";"44,0";"13,9";"15,0";"12,4";"948,9";"949,6";"948,9";"1,4";"136,0";"3,3";"2483,60";""
"01/06/2025";"1600";"27,9";"27,9";"25,7";"40,0";"45,0";"40,0";"13,2";"14,2";"12,2";"947,9";"948,9";"947,9";"1,6";"207,0";"5,1";"2453,40";""
"01/06/2025";"1700";"26,9";"27,9";"26,4";"37,0";"43,0";"37,0";"11,1";"13,3";"11,1";"947,4";"947,9";"947,4";"1,4";"227,0";"4,9";"2165,60";""
"01/06/2025";"1800";"28,4";"28,5";"26,9";"29,0";"38,0";"28,0";"8,5";"11,8";"8,1";"947,1";"947,4";"947,1";"0,8";"168,0";"3,3";"1889,60";""
"01/06/2025";"1900";"27,2";"28,4";"27,1";"33,0";"36,0";"27,0";"9,6";"10,4";"7,1";"947,2";"947,3";"947,1";"0,7";"210,0";"2,5";"1274,90";""
"01/06/2025";"2000";"22,5";"27,3";"22,5";"48,0";"48,0";"32,0";"11,0";"11,3";"9,1";"947,6";"947,6";"947,2";"0,6";"193,0";"2,4";"406,10";""
"01/06/2025";"2100";"16,5";"22,5";"16,5";"78,0";"78,0";"48,0";"12,6";"12,7";"10,8";"948,2";"948,2";"947,6";"0,2";"157,0";"2,3";"14,10";""
"01/06/2025";"2200";"14,5";"16,5";"14,5";"85,0";"85,0";"78,0";"12,0";"12,7";"12,0";"948,8";"948,8";"948,2";"0,4";"153,0";"1,3";"";""
"01/06/2025";"2300";"13,7";"14,6";"13,6";"89,0";"91,0";"85,0";"12,0";"12,5";"11,8";"949,3";"949,4";"948,8";"0,1";"311,0";"1,8";"";""
"02/06/2025";"0000";"12,6";"13,7";"12,5";"93,0";"93,0";"89,0";"11,4";"12,1";"11,4";"949,6";"949,6";"949,3";"0,0";"177,0";"1,0";"";""
"02/06/2025";"0100";"12,0";"12,6";"11,9";"95,0";"95,0";"93,0";"11,2";"11,7";"11,0";"949,7";"949,7";"949,6";"0,8";"174,0";"1,6";"";""
"02/06/2025";"0200";"11,6";"12,1";"11,5";"95,0";"95,0";"95,0";"10,9";"11,3";"10,8";"949,7";"949,8";"949,7";"0,0";"355,0";"1,6";"";""
"02/06/2025";"0300";"11,5";"11,6";"11,3";"96,0";"96,0";"95,0";"10,9";"10,9";"10,6";"949,7";"949,8";"949,6";"0,2";"188,0";"0,9";"";""
"02/06/2025";"0400";"11,2";"11,5";"11,0";"96,0";"96,0";"96,0";"10,7";"10,9";"10,4";"949,6";"949,7";"949,6";"0,0";"160,0";"1,0";"";""
"02/06/2025";"0500";"10,6";"11,3";"10,6";"96,0";"96,0";"96,0";"10,1";"10,7";"10,0";"949,2";"949,6";"949,2";"0,0";"215,0";"0,7";"";""
"02/06/2025";"0600";"10,6";"10,8";"10,3";"97,0";"97,0";"96,0";"10,1";"10,2";"9,8";"948,8";"949,2";"948,8";"0,0";"296,0";"0,0";"";""
"02/06/2025";"0700";"10,9";"11,0";"10,3";"97,0";"97,0";"97,0";"10,4";"10,5";"9,8";"948,8";"948,9";"948,8";"0,0";"329,0";"0,9";"";""
"02/06/2025";"0800";"10,4";"10,9";"10,4";"97,0";"97,0";"97,0";"9,9";"10,4";"9,9";"949,2";"949,2";"948,8";"0,0";"207,0";"0,9";"";""
"02/06/2025";"0900";"10,0";"10,4";"9,9";"97,0";"97,0";"97,0";"9,5";"10,0";"9,4";"949,8";"949,8";"949,2";"0,0";"156,0";"0,0";"";""
"02/06/2025";"1000";"10,4";"10,4";"10,0";"97,0";"97,0";"97,0";"9,9";"9,9";"9,5";"950,3";"950,3";"949,8";"0,0";"271,0";"1,2";"9,20";""
"02/06/2025";"1100";"13,9";"13,9";"10,4";"97,0";"97,0";"97,0";"13,5";"13,5";"9,9";"951,0";"951,0";"950,3";"0,0";"139,0";"0,2";"355,00";""
"02/06/2025";"1200";"20,0";"20,0";"13,9";"71,0";"97,0";"71,0";"14,6";"16,8";"13,5";"951,4";"951,4";"951,0";"0,4";"36,0";"1,5";"1112,00";""
"02/06/2025";"1300";"23,4";"23,6";"19,3";"59,0";"73,0";"59,0";"15,0";"15,9";"14,1";"951,3";"951,5";"951,2";"1,5";"71,0";"3,8";"1738,00";""
"02/06/2025";"1400";"25,4";"25,4";"23,4";"53,0";"60,0";"52,0";"15,1";"15,4";"13,9";"950,7";"951,3";"950,7";"2,1";"32,0";"6,0";"2213,40";""
"02/06/2025";"1500";"26,4";"26,7";"24,8";"50,0";"54,0";"47,0";"15,1";"15,3";"14,2";"950,1";"950,7";"950,1";"1,8";"67,0";"5,5";"2498,10";""
"02/06/2025";"1600";"27,3";"27,5";"26,1";"46,0";"50,0";"43,0";"14,5";"15,4";"13,7";"949,0";"950,1";"949,0";"1,6";"53,0";"5,0";"2505,20";""
"02/06/2025";"1700";"27,2";"28,0";"26,6";"42,0";"47,0";"41,0";"13,2";"14,9";"13,1";"948,0";"949,0";"948,0";"2,2";"39,0";"4,3";"2067,20";""
"02/06/2025";"1800";"28,3";"28,5";"26,7";"36,0";"45,0";"36,0";"12,0";"14,3";"11,6";"947,6";"948,0";"947,6";"1,4";"92,0";"4,4";"1878,50";""
"02/06/2025";"1900";"27,6";"28,3";"27,6";"39,0";"40,0";"36,0";"12,3";"13,3";"11,7";"947,6";"947,6";"947,6";"1,4";"100,0";"3,5";"1239,20";""
"02/06/2025";"2000";"24,6";"27,6";"24,6";"53,0";"53,0";"37,0";"14,3";"14,3";"11,4";"947,6";"947,6";"947,5";"1,1";"98,0";"3,1";"403,00";""
"02/06/2025";"2100";"18,6";"24,6";"18,6";"80,0";"80,0";"53,0";"15,0";"15,3";"14,3";"948,0";"948,0";"947,5";"0,4";"139,0";"2,4";"14,80";""
"02/06/2025";"2200";"19,4";"19,5";"18,4";"77,0";"81,0";"77,0";"15,2";"15,6";"14,9";"948,3";"948,3";"948,0";"1,0";"81,0";"2,2";"";""
"02/06/2025";"2300";"15,8";"19,8";"15,8";"88,0";"88,0";"75,0";"13,7";"15,4";"13,7";"948,8";"948,8";"948,3";"0,0";"74,0";"2,2";"";""
"03/06/2025";"0000";"14,8";"15,7";"14,8";"93,0";"94,0";"88,0";"13,6";"14,2";"13,6";"949,2";"949,2";"948,7";"0,0";"313,0";"0,8";"";""
"03/06/2025";"0100";"13,9";"14,8";"13,8";"95,0";"95,0";"93,0";"13,0";"13,8";"12,9";"949,5";"949,5";"949,2";"0,1";"148,0";"1,0";"";""
"03/06/2025";"0200";"13,6";"13,9";"13,5";"95,0";"96,0";"95,0";"12,9";"13,2";"12,7";"949,3";"949,5";"949,2";"0,0";"248,0";"1,1";"";""
"03/06/2025";"0300";"14,0";"14,1";"13,6";"96,0";"96,0";"95,0";"13,3";"13,5";"12,9";"948,9";"949,3";"948,9";"0,0";"287,0";"0,7";"";""
"03/06/2025";"0400";"14,9";"14,9";"13,8";"96,0";"96,0";"96,0";"14,2";"14,2";"13,1";"948,5";"949,0";"948,5";"0,7";"101,0";"1,5";"";""
"03/06/2025";"0500";"16,8";"16,8";"14,9";"84,0";"96,0";"84,0";"14,2";"15,1";"14,1";"947,6";"948,5";"947,6";"1,3";"100,0";"3,1";"";""
"03/06/2025";"0600";"17,4";"17,8";"16,8";"79,0";"84,0";"78,0";"13,6";"14,2";"13,6";"947,3";"947,6";"947,3";"1,6";"109,0";"3,8";"";""
"03/06/2025";"0700";"15,9";"17,5";"15,9";"84,0";"84,0";"78,0";"13,2";"13,8";"13,2";"947,5";"947,5";"947,3";"0,2";"288,0";"2,8";"";""
"03/06/2025";"0800";"16,3";"16,3";"15,2";"89,0";"91,0";"84,0";"14,5";"14,5";"13,2";"947,4";"947,8";"947,4";"0,5";"64,0";"2,0";"";""
"03/06/2025";"0900";"15,9";"17,4";"15,9";"89,0";"89,0";"81,0";"14,1";"14,5";"13,7";"947,9";"947,9";"947,4";"0,3";"339,0";"2,6";"";""
"03/06/2025";"1000";"15,9";"16,2";"15,7";"92,0";"92,0";"89,0";"14,5";"14,7";"14,1";"949,3";"949,3";"947,9";"0,0";"109,0";"1,5";"2,20";""
"03/06/2025";"1100";"16,4";"17,5";"15,9";"92,0";"92,0";"82,0";"15,1";"15,1";"14,4";"951,9";"951,9";"949,3";"1,0";"195,0";"6,3";"19,90";""
"03/06/2025";"1200";"15,9";"16,4";"15,9";"95,0";"95,0";"92,0";"15,2";"15,3";"15,1";"951,7";"952,1";"951,5";"1,9";"132,0";"3,6";"46,70";""
"03/06/2025";"1300";"";"";"";"";"";"";"";"";"";"";"";"";"";"";"";"";""
"03/06/2025";"1400";"";"";"";"";"";"";"";"";"";"";"";"";"";"";"";"";""
"03/06/2025";"1500";"";"";"";"";"";"";"";"";"";"";"";"";"";"";"";"";""
"03/06/2025";"1600";"";"";"";"";"";"";"";"";"";"";"";"";"";"";"";"";""
"03/06/2025";"1700";"";"";"";"";"";"";"";"";"";"";"";"";"";"";"";"";""
"03/06/2025";"1800";"";"";"";"";"";"";"";"";"";"";"";"";"";"";"";"";""
"03/06/2025";"1900";"";"";"";"";"";"";"";"";"";"";"";"";"";"";"";"";""
"03/06/2025";"2000";"";"";"";"";"";"";"";"";"";"";"";"";"";"";"";"";""
"03/06/2025";"2100";"";"";"";"";"";"";"";"";"";"";"";"";"";"";"";"";""
"03/06/2025";"2200";"";"";"";"";"";"";"";"";"";"";"";"";"";"";"";"";""
"03/06/2025";"2300";"";"";"";"";"";"";"";"";"";"";"";"";"";"";"";"";""